,state,county,required_income
0,Alabama,01001,62222
1,Alabama,01003,64342
2,Alabama,01005,60157
3,Alabama,01007,62824
4,Alabama,01009,62824
5,Alabama,01011,59474
6,Alabama,01013,59474
7,Alabama,01015,59597
8,Alabama,01017,61251
9,Alabama,01019,59474
10,Alabama,01021,59474
11,Alabama,01023,60349
12,Alabama,01025,59474
13,Alabama,01027,59474
14,Alabama,01029,60034
15,Alabama,01031,60021
16,Alabama,01033,60185
17,Alabama,01035,59474
18,Alabama,01037,60321
19,Alabama,01039,59474
20,Alabama,01041,59474
21,Alabama,01043,59898
22,Alabama,01045,59665
23,Alabama,01047,59474
24,Alabama,01049,61880
25,Alabama,01051,62222
26,Alabama,01053,59474
27,Alabama,01055,60773
28,Alabama,01057,59474
29,Alabama,01059,59474
30,Alabama,01061,59952
31,Alabama,01063,59474
32,Alabama,01065,61675
33,Alabama,01067,59474
34,Alabama,01069,59952
35,Alabama,01071,59788
36,Alabama,01073,62824
37,Alabama,01075,59474
38,Alabama,01077,60185
39,Alabama,01079,59733
40,Alabama,01081,61894
41,Alabama,01083,61183
42,Alabama,01085,62222
43,Alabama,01087,59474
44,Alabama,01089,61183
45,Alabama,01091,59474
46,Alabama,01093,59474
47,Alabama,01095,59474
48,Alabama,01097,63179
49,Alabama,01099,59474
50,Alabama,01101,62222
51,Alabama,01103,59733
52,Alabama,01105,59474
53,Alabama,01107,59474
54,Alabama,01109,59925
55,Alabama,01111,60034
56,Alabama,01113,61607
57,Alabama,01117,62824
58,Alabama,01115,62824
59,Alabama,01119,61046
60,Alabama,01121,60212
61,Alabama,01123,59474
62,Alabama,01125,61675
63,Alabama,01127,59747
64,Alabama,01129,59474
65,Alabama,01131,59474
66,Alabama,01133,59474
67,Alaska,02013,71067
68,Alaska,02016,79463
69,Alaska,02020,74020
70,Alaska,02050,76359
71,Alaska,02060,73350
72,Alaska,02068,77931
73,Alaska,02070,72639
74,Alaska,02090,73665
75,Alaska,02100,70110
76,Alaska,02105,68113
77,Alaska,02110,76386
78,Alaska,02122,71559
79,Alaska,02130,74349
80,Alaska,02150,71327
81,Alaska,02164,68783
82,Alaska,02170,70575
83,Alaska,02180,77972
84,Alaska,02185,73173
85,Alaska,02188,73597
86,Alaska,02195,70834
87,Alaska,02198,70862
88,Alaska,02220,73815
89,Alaska,02230,75675
90,Alaska,02240,73063
91,Alaska,02261,71915
92,Alaska,02270,69617
93,Alaska,02275,70151
94,Alaska,02282,72503
95,Alaska,02290,67129
96,Arizona,04001,64465
97,Arizona,04003,65367
98,Arizona,04005,69333
99,Arizona,04007,66106
100,Arizona,04009,65231
101,Arizona,04011,64465
102,Arizona,04012,64985
103,Arizona,04013,68061
104,Arizona,04015,65573
105,Arizona,04017,65381
106,Arizona,04019,67008
107,Arizona,04021,68061
108,Arizona,04023,64465
109,Arizona,04025,67473
110,Arizona,04027,67049
111,Arkansas,05001,56733
112,Arkansas,05003,56733
113,Arkansas,05005,57390
114,Arkansas,05007,58607
115,Arkansas,05009,56898
116,Arkansas,05011,57786
117,Arkansas,05013,56884
118,Arkansas,05015,57157
119,Arkansas,05017,56733
120,Arkansas,05019,56733
121,Arkansas,05021,56733
122,Arkansas,05023,57404
123,Arkansas,05025,57390
124,Arkansas,05027,56733
125,Arkansas,05029,57786
126,Arkansas,05031,58429
127,Arkansas,05033,57663
128,Arkansas,05035,59796
129,Arkansas,05037,57540
130,Arkansas,05039,56733
131,Arkansas,05041,56733
132,Arkansas,05043,56829
133,Arkansas,05045,59509
134,Arkansas,05047,56733
135,Arkansas,05049,56733
136,Arkansas,05051,58839
137,Arkansas,05053,56884
138,Arkansas,05055,57376
139,Arkansas,05057,56761
140,Arkansas,05059,57253
141,Arkansas,05061,56733
142,Arkansas,05063,56733
143,Arkansas,05065,56733
144,Arkansas,05067,56733
145,Arkansas,05069,57390
146,Arkansas,05071,57103
147,Arkansas,05073,56733
148,Arkansas,05075,56733
149,Arkansas,05077,56733
150,Arkansas,05079,57390
151,Arkansas,05081,56733
152,Arkansas,05083,56733
153,Arkansas,05085,59509
154,Arkansas,05087,58607
155,Arkansas,05089,56733
156,Arkansas,05091,58224
157,Arkansas,05093,56925
158,Arkansas,05095,56733
159,Arkansas,05097,56733
160,Arkansas,05099,56788
161,Arkansas,05101,56733
162,Arkansas,05103,56733
163,Arkansas,05105,59509
164,Arkansas,05107,56733
165,Arkansas,05109,56733
166,Arkansas,05111,57021
167,Arkansas,05113,56733
168,Arkansas,05115,57198
169,Arkansas,05117,56733
170,Arkansas,05119,59509
171,Arkansas,05121,56733
172,Arkansas,05125,59509
173,Arkansas,05127,56733
174,Arkansas,05129,56733
175,Arkansas,05131,57663
176,Arkansas,05133,56733
177,Arkansas,05135,56733
178,Arkansas,05123,56733
179,Arkansas,05137,56829
180,Arkansas,05139,57540
181,Arkansas,05141,56733
182,Arkansas,05143,58607
183,Arkansas,05145,56884
184,Arkansas,05147,56733
185,Arkansas,05149,56733
186,California,06001,87433
187,California,06003,69287
188,California,06005,71557
189,California,06007,70340
190,California,06009,69574
191,California,06011,68959
192,California,06013,87433
193,California,06015,69889
194,California,06017,71885
195,California,06019,69848
196,California,06021,68316
197,California,06023,71748
198,California,06025,68959
199,California,06027,69725
200,California,06029,69260
201,California,06031,68699
202,California,06033,70231
203,California,06035,70258
204,California,06037,78845
205,California,06039,69930
206,California,06041,98987
207,California,06043,69533
208,California,06045,71817
209,California,06047,68330
210,California,06049,67031
211,California,06051,73991
212,California,06053,77095
213,California,06055,79570
214,California,06057,75618
215,California,06059,82510
216,California,06061,71885
217,California,06063,69082
218,California,06065,74087
219,California,06067,71885
220,California,06069,78093
221,California,06071,74087
222,California,06073,81525
223,California,06075,98987
224,California,06077,70942
225,California,06079,75618
226,California,06081,98987
227,California,06083,78982
228,California,06085,88075
229,California,06087,82715
230,California,06089,69916
231,California,06091,73458
232,California,06093,68850
233,California,06095,75413
234,California,06097,79214
235,California,06099,70545
236,California,06101,69834
237,California,06103,68973
238,California,06105,68836
239,California,06107,69656
240,California,06109,70969
241,California,06111,81813
242,California,06113,73786
243,California,06115,69834
244,Colorado,08001,73547
245,Colorado,08003,65479
246,Colorado,08005,73547
247,Colorado,08007,66751
248,Colorado,08009,65014
249,Colorado,08011,65082
250,Colorado,08013,72658
251,Colorado,08014,73547
252,Colorado,08015,66149
253,Colorado,08017,65014
254,Colorado,08019,73547
255,Colorado,08021,65014
256,Colorado,08023,65014
257,Colorado,08025,65014
258,Colorado,08027,65014
259,Colorado,08029,67120
260,Colorado,08031,73547
261,Colorado,08033,65014
262,Colorado,08035,73547
263,Colorado,08037,72876
264,Colorado,08039,73547
265,Colorado,08041,68692
266,Colorado,08043,65397
267,Colorado,08045,69636
268,Colorado,08047,73547
269,Colorado,08049,68597
270,Colorado,08051,66641
271,Colorado,08053,66012
272,Colorado,08055,65014
273,Colorado,08057,65780
274,Colorado,08059,73547
275,Colorado,08061,66299
276,Colorado,08063,65014
277,Colorado,08065,67585
278,Colorado,08067,68925
279,Colorado,08069,69321
280,Colorado,08071,66545
281,Colorado,08073,65014
282,Colorado,08075,65301
283,Colorado,08077,66627
284,Colorado,08079,65014
285,Colorado,08081,65643
286,Colorado,08083,65014
287,Colorado,08085,66586
288,Colorado,08087,65014
289,Colorado,08089,65369
290,Colorado,08091,70415
291,Colorado,08093,73547
292,Colorado,08095,65014
293,Colorado,08097,77567
294,Colorado,08099,65014
295,Colorado,08101,66668
296,Colorado,08103,65766
297,Colorado,08105,65014
298,Colorado,08107,71222
299,Colorado,08109,65014
300,Colorado,08111,70114
301,Colorado,08113,73505
302,Colorado,08115,65014
303,Colorado,08117,73164
304,Colorado,08119,69417
305,Colorado,08121,65014
306,Colorado,08123,67968
307,Colorado,08125,65014
308,Connecticut,09001,77087
309,Connecticut,09003,72625
310,Connecticut,09005,71025
311,Connecticut,09007,73473
312,Connecticut,09009,73073
313,Connecticut,09011,70874
314,Connecticut,09013,72625
315,Connecticut,09015,68892
316,Delaware,10001,65907
317,Delaware,10003,68286
318,Delaware,10005,64238
319,District of Columbia,11001,74211
320,Florida,12001,62373
321,Florida,12003,60650
322,Florida,12005,63344
323,Florida,12007,59283
324,Florida,12009,62455
325,Florida,12011,68240
326,Florida,12013,59283
327,Florida,12015,62373
328,Florida,12017,60842
329,Florida,12019,63618
330,Florida,12021,66708
331,Florida,12023,60486
332,Florida,12027,59570
333,Florida,12029,59283
334,Florida,12031,63618
335,Florida,12033,62633
336,Florida,12035,64424
337,Florida,12037,60404
338,Florida,12039,62907
339,Florida,12041,62373
340,Florida,12043,60350
341,Florida,12045,62250
342,Florida,12047,59283
343,Florida,12049,59283
344,Florida,12051,60869
345,Florida,12053,64233
346,Florida,12055,60555
347,Florida,12057,64233
348,Florida,12059,59283
349,Florida,12061,61936
350,Florida,12063,59283
351,Florida,12065,62907
352,Florida,12067,59283
353,Florida,12069,64069
354,Florida,12071,62948
355,Florida,12073,62907
356,Florida,12075,59283
357,Florida,12077,59283
358,Florida,12079,59283
359,Florida,12081,64903
360,Florida,12083,61580
361,Florida,12085,64507
362,Florida,12086,68075
363,Florida,12087,73367
364,Florida,12089,63618
365,Florida,12091,63508
366,Florida,12093,59775
367,Florida,12095,64069
368,Florida,12097,64069
369,Florida,12099,69101
370,Florida,12101,64233
371,Florida,12103,64233
372,Florida,12105,61826
373,Florida,12107,59912
374,Florida,12113,62633
375,Florida,12115,64903
376,Florida,12117,64069
377,Florida,12109,63618
378,Florida,12111,64507
379,Florida,12119,60404
380,Florida,12121,59283
381,Florida,12123,59283
382,Florida,12125,59283
383,Florida,12127,63481
384,Florida,12129,61703
385,Florida,12131,61649
386,Florida,12133,59283
387,Georgia,13001,58317
388,Georgia,13003,58317
389,Georgia,13005,58317
390,Georgia,13007,60450
391,Georgia,13009,59384
392,Georgia,13011,58864
393,Georgia,13013,63705
394,Georgia,13015,63705
395,Georgia,13017,58317
396,Georgia,13019,58317
397,Georgia,13021,61312
398,Georgia,13023,58317
399,Georgia,13025,61175
400,Georgia,13027,59657
401,Georgia,13029,62802
402,Georgia,13031,60833
403,Georgia,13033,60355
404,Georgia,13035,61162
405,Georgia,13037,58604
406,Georgia,13039,60779
407,Georgia,13043,58317
408,Georgia,13045,63705
409,Georgia,13047,61408
410,Georgia,13049,58317
411,Georgia,13051,62802
412,Georgia,13053,60792
413,Georgia,13055,58317
414,Georgia,13057,63705
415,Georgia,13059,61312
416,Georgia,13061,58317
417,Georgia,13063,63705
418,Georgia,13065,58317
419,Georgia,13067,63705
420,Georgia,13069,58317
421,Georgia,13071,58317
422,Georgia,13073,60355
423,Georgia,13075,58317
424,Georgia,13077,63705
425,Georgia,13079,61312
426,Georgia,13081,58317
427,Georgia,13083,61408
428,Georgia,13085,63705
429,Georgia,13087,58755
430,Georgia,13089,63705
431,Georgia,13091,58563
432,Georgia,13093,58317
433,Georgia,13095,60450
434,Georgia,13097,63705
435,Georgia,13099,58317
436,Georgia,13101,59657
437,Georgia,13103,62802
438,Georgia,13105,58317
439,Georgia,13107,58317
440,Georgia,13109,58317
441,Georgia,13111,58728
442,Georgia,13113,63705
443,Georgia,13115,59275
444,Georgia,13117,63705
445,Georgia,13119,58317
446,Georgia,13121,63705
447,Georgia,13123,59480
448,Georgia,13125,58317
449,Georgia,13127,61175
450,Georgia,13129,58823
451,Georgia,13131,58345
452,Georgia,13133,58386
453,Georgia,13135,63705
454,Georgia,13137,58741
455,Georgia,13139,61353
456,Georgia,13141,58317
457,Georgia,13143,60204
458,Georgia,13145,60792
459,Georgia,13147,58317
460,Georgia,13149,63705
461,Georgia,13151,63705
462,Georgia,13153,61216
463,Georgia,13155,58317
464,Georgia,13157,60259
465,Georgia,13159,63705
466,Georgia,13161,58317
467,Georgia,13163,58317
468,Georgia,13165,58317
469,Georgia,13167,58317
470,Georgia,13169,61312
471,Georgia,13171,58741
472,Georgia,13173,59657
473,Georgia,13175,58317
474,Georgia,13177,60450
475,Georgia,13179,62502
476,Georgia,13181,58317
477,Georgia,13183,60286
478,Georgia,13185,59657
479,Georgia,13187,60204
480,Georgia,13193,58317
481,Georgia,13195,61312
482,Georgia,13197,60792
483,Georgia,13189,60355
484,Georgia,13191,61175
485,Georgia,13199,59220
486,Georgia,13201,58317
487,Georgia,13205,58317
488,Georgia,13207,60874
489,Georgia,13209,58317
490,Georgia,13211,59890
491,Georgia,13213,58522
492,Georgia,13215,60792
493,Georgia,13217,63705
494,Georgia,13219,61312
495,Georgia,13221,61312
496,Georgia,13223,63705
497,Georgia,13225,59439
498,Georgia,13227,63705
499,Georgia,13229,58317
500,Georgia,13231,63705
501,Georgia,13233,59411
502,Georgia,13235,58317
503,Georgia,13237,59767
504,Georgia,13239,58317
505,Georgia,13241,59220
506,Georgia,13243,59165
507,Georgia,13245,60355
508,Georgia,13247,63705
509,Georgia,13249,58317
510,Georgia,13251,58317
511,Georgia,13253,58317
512,Georgia,13255,63705
513,Georgia,13257,58317
514,Georgia,13259,58317
515,Georgia,13261,59056
516,Georgia,13263,61148
517,Georgia,13265,60601
518,Georgia,13267,58317
519,Georgia,13269,58317
520,Georgia,13271,58317
521,Georgia,13273,60450
522,Georgia,13275,59398
523,Georgia,13277,58673
524,Georgia,13279,58317
525,Georgia,13281,59370
526,Georgia,13283,58317
527,Georgia,13285,59589
528,Georgia,13287,58317
529,Georgia,13289,61312
530,Georgia,13291,58317
531,Georgia,13293,58687
532,Georgia,13295,61408
533,Georgia,13297,63705
534,Georgia,13299,58317
535,Georgia,13301,58317
536,Georgia,13303,58317
537,Georgia,13305,58317
538,Georgia,13307,58563
539,Georgia,13309,58317
540,Georgia,13311,59548
541,Georgia,13313,59083
542,Georgia,13315,58317
543,Georgia,13317,58604
544,Georgia,13319,58317
545,Georgia,13321,60450
546,Hawaii,15001,60443
547,Hawaii,15003,70166
548,Hawaii,15005,52376
549,Hawaii,15007,63069
550,Hawaii,15009,64505
551,Idaho,16001,65229
552,Idaho,16003,63506
553,Idaho,16005,63506
554,Idaho,16007,63506
555,Idaho,16009,63506
556,Idaho,16011,63506
557,Idaho,16013,67102
558,Idaho,16015,65229
559,Idaho,16017,64942
560,Idaho,16019,64340
561,Idaho,16021,64354
562,Idaho,16023,64039
563,Idaho,16025,63506
564,Idaho,16027,65229
565,Idaho,16029,63506
566,Idaho,16031,63506
567,Idaho,16033,63506
568,Idaho,16035,63752
569,Idaho,16037,64299
570,Idaho,16039,64108
571,Idaho,16041,63506
572,Idaho,16043,63821
573,Idaho,16045,64190
574,Idaho,16047,63506
575,Idaho,16049,63506
576,Idaho,16051,64340
577,Idaho,16053,63670
578,Idaho,16055,65243
579,Idaho,16057,63752
580,Idaho,16059,63506
581,Idaho,16061,63506
582,Idaho,16063,63506
583,Idaho,16065,63711
584,Idaho,16067,63506
585,Idaho,16069,63971
586,Idaho,16071,63506
587,Idaho,16073,65229
588,Idaho,16075,64053
589,Idaho,16077,64860
590,Idaho,16079,63506
591,Idaho,16081,65598
592,Idaho,16083,63752
593,Idaho,16085,64422
594,Idaho,16087,63506
595,Illinois,17001,62881
596,Illinois,17003,63975
597,Illinois,17005,63523
598,Illinois,17007,64426
599,Illinois,17009,72959
600,Illinois,17011,63852
601,Illinois,17013,66176
602,Illinois,17015,62867
603,Illinois,17017,62867
604,Illinois,17019,65260
605,Illinois,17021,63018
606,Illinois,17023,62867
607,Illinois,17025,62867
608,Illinois,17027,66176
609,Illinois,17029,63250
610,Illinois,17031,70771
611,Illinois,17033,62867
612,Illinois,17035,62867
613,Illinois,17037,66477
614,Illinois,17039,62867
615,Illinois,17041,63018
616,Illinois,17043,70771
617,Illinois,17045,62867
618,Illinois,17047,62867
619,Illinois,17049,62867
620,Illinois,17051,62867
621,Illinois,17053,65260
622,Illinois,17055,62867
623,Illinois,17057,62867
624,Illinois,17059,62867
625,Illinois,17061,62867
626,Illinois,17063,68091
627,Illinois,17065,62867
628,Illinois,17067,62867
629,Illinois,17069,62867
630,Illinois,17071,63059
631,Illinois,17073,64016
632,Illinois,17075,62867
633,Illinois,17077,63947
634,Illinois,17079,62867
635,Illinois,17081,62881
636,Illinois,17083,66176
637,Illinois,17085,62867
638,Illinois,17087,62867
639,Illinois,17089,70771
640,Illinois,17091,66217
641,Illinois,17093,68966
642,Illinois,17095,62867
643,Illinois,17097,70771
644,Illinois,17099,63879
645,Illinois,17101,62867
646,Illinois,17103,63565
647,Illinois,17105,63031
648,Illinois,17107,62963
649,Illinois,17115,63455
650,Illinois,17117,62867
651,Illinois,17119,66176
652,Illinois,17121,62867
653,Illinois,17123,64522
654,Illinois,17125,63305
655,Illinois,17127,63975
656,Illinois,17109,63633
657,Illinois,17111,70771
658,Illinois,17113,65000
659,Illinois,17129,64631
660,Illinois,17131,64016
661,Illinois,17133,66176
662,Illinois,17135,63236
663,Illinois,17137,62922
664,Illinois,17139,62867
665,Illinois,17141,63783
666,Illinois,17143,64522
667,Illinois,17145,62867
668,Illinois,17147,65260
669,Illinois,17149,62867
670,Illinois,17151,62867
671,Illinois,17153,62867
672,Illinois,17155,63154
673,Illinois,17157,62867
674,Illinois,17159,62867
675,Illinois,17161,64016
676,Illinois,17165,62867
677,Illinois,17167,64631
678,Illinois,17169,62867
679,Illinois,17171,62867
680,Illinois,17173,62867
681,Illinois,17175,64522
682,Illinois,17163,66176
683,Illinois,17177,62867
684,Illinois,17179,64522
685,Illinois,17181,62867
686,Illinois,17183,63537
687,Illinois,17185,62867
688,Illinois,17187,62963
689,Illinois,17189,63141
690,Illinois,17191,62867
691,Illinois,17193,62867
692,Illinois,17195,63250
693,Illinois,17197,70771
694,Illinois,17199,63127
695,Illinois,17201,64426
696,Illinois,17203,64522
697,Indiana,18001,60289
698,Indiana,18003,60630
699,Indiana,18005,62887
700,Indiana,18007,62490
701,Indiana,18009,60289
702,Indiana,18011,62805
703,Indiana,18013,62805
704,Indiana,18015,60289
705,Indiana,18017,60521
706,Indiana,18019,62025
707,Indiana,18021,61547
708,Indiana,18023,60644
709,Indiana,18025,60289
710,Indiana,18027,60289
711,Indiana,18029,62203
712,Indiana,18031,61711
713,Indiana,18033,60603
714,Indiana,18035,60658
715,Indiana,18037,60289
716,Indiana,18039,61451
717,Indiana,18041,60398
718,Indiana,18043,62025
719,Indiana,18045,61273
720,Indiana,18047,61259
721,Indiana,18049,60289
722,Indiana,18051,60289
723,Indiana,18053,60289
724,Indiana,18055,60289
725,Indiana,18057,62805
726,Indiana,18059,62805
727,Indiana,18061,62025
728,Indiana,18063,62805
729,Indiana,18065,60289
730,Indiana,18067,61369
731,Indiana,18069,60289
732,Indiana,18071,60412
733,Indiana,18073,61642
734,Indiana,18075,60289
735,Indiana,18077,61068
736,Indiana,18079,61437
737,Indiana,18081,62805
738,Indiana,18083,60603
739,Indiana,18085,61478
740,Indiana,18087,60289
741,Indiana,18089,62996
742,Indiana,18091,61150
743,Indiana,18093,60603
744,Indiana,18095,61779
745,Indiana,18097,62805
746,Indiana,18099,60753
747,Indiana,18101,60289
748,Indiana,18103,60289
749,Indiana,18105,63270
750,Indiana,18107,61054
751,Indiana,18109,62805
752,Indiana,18111,62996
753,Indiana,18113,60289
754,Indiana,18115,62203
755,Indiana,18117,60289
756,Indiana,18119,61095
757,Indiana,18121,60289
758,Indiana,18123,60289
759,Indiana,18125,60289
760,Indiana,18127,62996
761,Indiana,18129,61943
762,Indiana,18131,60289
763,Indiana,18133,60617
764,Indiana,18135,60289
765,Indiana,18137,60808
766,Indiana,18139,60289
767,Indiana,18143,61109
768,Indiana,18145,62805
769,Indiana,18147,60289
770,Indiana,18149,60712
771,Indiana,18151,61164
772,Indiana,18141,62011
773,Indiana,18153,61711
774,Indiana,18155,60289
775,Indiana,18157,62490
776,Indiana,18159,61287
777,Indiana,18161,60289
778,Indiana,18163,61943
779,Indiana,18165,61547
780,Indiana,18167,61547
781,Indiana,18169,60289
782,Indiana,18171,60466
783,Indiana,18173,61943
784,Indiana,18175,60289
785,Indiana,18177,60671
786,Indiana,18179,60630
787,Indiana,18181,60289
788,Indiana,18183,60630
789,Iowa,19001,59319
790,Iowa,19003,59319
791,Iowa,19005,59319
792,Iowa,19007,59319
793,Iowa,19009,59319
794,Iowa,19011,59538
795,Iowa,19013,61029
796,Iowa,19015,59757
797,Iowa,19017,59976
798,Iowa,19019,59894
799,Iowa,19021,59347
800,Iowa,19023,59319
801,Iowa,19025,59319
802,Iowa,19027,59319
803,Iowa,19029,59319
804,Iowa,19031,60031
805,Iowa,19033,60372
806,Iowa,19035,59319
807,Iowa,19037,59319
808,Iowa,19039,60441
809,Iowa,19041,59319
810,Iowa,19043,59319
811,Iowa,19045,59989
812,Iowa,19047,59319
813,Iowa,19049,61972
814,Iowa,19051,59743
815,Iowa,19053,59319
816,Iowa,19055,59319
817,Iowa,19057,60851
818,Iowa,19059,60236
819,Iowa,19061,61904
820,Iowa,19063,59319
821,Iowa,19065,59319
822,Iowa,19067,59319
823,Iowa,19069,59319
824,Iowa,19071,59319
825,Iowa,19073,59497
826,Iowa,19075,61029
827,Iowa,19077,61972
828,Iowa,19079,59921
829,Iowa,19081,59319
830,Iowa,19083,59319
831,Iowa,19085,62929
832,Iowa,19087,59525
833,Iowa,19089,59319
834,Iowa,19091,59319
835,Iowa,19093,59319
836,Iowa,19095,59319
837,Iowa,19097,59319
838,Iowa,19099,60072
839,Iowa,19101,60742
840,Iowa,19103,64543
841,Iowa,19105,59579
842,Iowa,19107,59319
843,Iowa,19109,59319
844,Iowa,19111,59347
845,Iowa,19113,61152
846,Iowa,19115,60085
847,Iowa,19117,60304
848,Iowa,19119,59319
849,Iowa,19121,61972
850,Iowa,19123,59935
851,Iowa,19125,60701
852,Iowa,19127,60345
853,Iowa,19129,62929
854,Iowa,19131,59525
855,Iowa,19133,59319
856,Iowa,19135,59319
857,Iowa,19137,59319
858,Iowa,19139,61589
859,Iowa,19141,59319
860,Iowa,19143,59319
861,Iowa,19145,59319
862,Iowa,19147,59319
863,Iowa,19149,59743
864,Iowa,19151,59319
865,Iowa,19153,61972
866,Iowa,19155,62929
867,Iowa,19157,60099
868,Iowa,19159,59319
869,Iowa,19161,59319
870,Iowa,19163,60796
871,Iowa,19165,59757
872,Iowa,19167,59319
873,Iowa,19169,61712
874,Iowa,19171,60003
875,Iowa,19173,59319
876,Iowa,19175,59319
877,Iowa,19177,59319
878,Iowa,19179,60482
879,Iowa,19181,61972
880,Iowa,19183,61658
881,Iowa,19185,59319
882,Iowa,19187,59319
883,Iowa,19189,59319
884,Iowa,19191,59319
885,Iowa,19193,61001
886,Iowa,19195,59319
887,Iowa,19197,59319
888,Kansas,20001,58645
889,Kansas,20003,58645
890,Kansas,20005,59438
891,Kansas,20007,58645
892,Kansas,20009,58645
893,Kansas,20011,58645
894,Kansas,20013,58645
895,Kansas,20015,59780
896,Kansas,20017,58645
897,Kansas,20019,59958
898,Kansas,20021,58645
899,Kansas,20023,58645
900,Kansas,20025,58823
901,Kansas,20027,59958
902,Kansas,20029,58645
903,Kansas,20031,58645
904,Kansas,20033,58645
905,Kansas,20035,58905
906,Kansas,20037,59424
907,Kansas,20039,58645
908,Kansas,20041,58645
909,Kansas,20043,59069
910,Kansas,20045,60888
911,Kansas,20047,58645
912,Kansas,20049,58645
913,Kansas,20051,58918
914,Kansas,20053,58645
915,Kansas,20055,59903
916,Kansas,20057,59192
917,Kansas,20059,60217
918,Kansas,20061,62009
919,Kansas,20063,58645
920,Kansas,20065,58645
921,Kansas,20067,58645
922,Kansas,20069,58645
923,Kansas,20071,58645
924,Kansas,20073,58645
925,Kansas,20075,60505
926,Kansas,20077,58645
927,Kansas,20079,59780
928,Kansas,20081,62036
929,Kansas,20083,58645
930,Kansas,20085,59725
931,Kansas,20087,59725
932,Kansas,20089,58645
933,Kansas,20091,62269
934,Kansas,20093,58645
935,Kansas,20095,58645
936,Kansas,20097,58645
937,Kansas,20099,58700
938,Kansas,20101,58645
939,Kansas,20103,62269
940,Kansas,20105,58645
941,Kansas,20107,62269
942,Kansas,20109,58645
943,Kansas,20111,58645
944,Kansas,20115,58645
945,Kansas,20117,58645
946,Kansas,20113,59602
947,Kansas,20119,58645
948,Kansas,20121,62269
949,Kansas,20123,58645
950,Kansas,20125,58645
951,Kansas,20127,58645
952,Kansas,20129,58645
953,Kansas,20131,58645
954,Kansas,20133,58645
955,Kansas,20135,58645
956,Kansas,20137,58645
957,Kansas,20139,59725
958,Kansas,20141,58645
959,Kansas,20143,58713
960,Kansas,20145,58645
961,Kansas,20147,58645
962,Kansas,20149,60778
963,Kansas,20151,59493
964,Kansas,20153,58645
965,Kansas,20155,59848
966,Kansas,20157,58645
967,Kansas,20159,58645
968,Kansas,20161,60778
969,Kansas,20163,58645
970,Kansas,20165,58645
971,Kansas,20167,58686
972,Kansas,20169,59698
973,Kansas,20171,58713
974,Kansas,20173,59780
975,Kansas,20175,59383
976,Kansas,20177,59725
977,Kansas,20179,58645
978,Kansas,20181,59712
979,Kansas,20183,58645
980,Kansas,20185,58645
981,Kansas,20187,58645
982,Kansas,20189,59958
983,Kansas,20191,58645
984,Kansas,20193,58645
985,Kansas,20195,58645
986,Kansas,20197,59725
987,Kansas,20199,58645
988,Kansas,20201,58645
989,Kansas,20203,58645
990,Kansas,20205,58645
991,Kansas,20207,58686
992,Kansas,20209,62269
993,Kentucky,21001,61795
994,Kentucky,21003,61795
995,Kentucky,21005,63504
996,Kentucky,21007,62014
997,Kentucky,21009,62137
998,Kentucky,21011,62027
999,Kentucky,21013,61795
1000,Kentucky,21015,64338
1001,Kentucky,21017,63914
1002,Kentucky,21019,62848
1003,Kentucky,21021,62560
1004,Kentucky,21023,64338
1005,Kentucky,21025,61795
1006,Kentucky,21027,61795
1007,Kentucky,21029,64160
1008,Kentucky,21031,61795
1009,Kentucky,21033,61795
1010,Kentucky,21035,62396
1011,Kentucky,21037,64338
1012,Kentucky,21039,62451
1013,Kentucky,21041,62957
1014,Kentucky,21043,61795
1015,Kentucky,21045,61795
1016,Kentucky,21047,63818
1017,Kentucky,21049,63914
1018,Kentucky,21051,61795
1019,Kentucky,21053,61795
1020,Kentucky,21055,61795
1021,Kentucky,21057,61795
1022,Kentucky,21059,62656
1023,Kentucky,21061,62943
1024,Kentucky,21063,61795
1025,Kentucky,21065,61795
1026,Kentucky,21067,63914
1027,Kentucky,21069,61795
1028,Kentucky,21071,61795
1029,Kentucky,21073,63818
1030,Kentucky,21075,61795
1031,Kentucky,21077,64338
1032,Kentucky,21079,62355
1033,Kentucky,21081,63436
1034,Kentucky,21083,61795
1035,Kentucky,21085,61795
1036,Kentucky,21087,61795
1037,Kentucky,21089,62848
1038,Kentucky,21091,62656
1039,Kentucky,21093,63600
1040,Kentucky,21095,61795
1041,Kentucky,21097,61795
1042,Kentucky,21099,61795
1043,Kentucky,21101,64078
1044,Kentucky,21103,64160
1045,Kentucky,21105,61795
1046,Kentucky,21107,62191
1047,Kentucky,21109,61795
1048,Kentucky,21111,64160
1049,Kentucky,21113,63914
1050,Kentucky,21115,61795
1051,Kentucky,21117,64338
1052,Kentucky,21119,61795
1053,Kentucky,21121,61795
1054,Kentucky,21123,63600
1055,Kentucky,21125,61795
1056,Kentucky,21127,61795
1057,Kentucky,21129,61795
1058,Kentucky,21131,61795
1059,Kentucky,21133,62150
1060,Kentucky,21135,61795
1061,Kentucky,21137,61795
1062,Kentucky,21139,61795
1063,Kentucky,21141,61959
1064,Kentucky,21143,61795
1065,Kentucky,21151,62697
1066,Kentucky,21153,61795
1067,Kentucky,21155,61945
1068,Kentucky,21157,62629
1069,Kentucky,21159,61795
1070,Kentucky,21161,62109
1071,Kentucky,21145,62547
1072,Kentucky,21147,61795
1073,Kentucky,21149,62656
1074,Kentucky,21163,63066
1075,Kentucky,21165,61795
1076,Kentucky,21167,62205
1077,Kentucky,21169,61795
1078,Kentucky,21171,61795
1079,Kentucky,21173,62752
1080,Kentucky,21175,61795
1081,Kentucky,21177,61795
1082,Kentucky,21179,62916
1083,Kentucky,21181,61795
1084,Kentucky,21183,61795
1085,Kentucky,21185,64160
1086,Kentucky,21187,62109
1087,Kentucky,21189,61795
1088,Kentucky,21191,64338
1089,Kentucky,21193,61795
1090,Kentucky,21195,62041
1091,Kentucky,21197,61795
1092,Kentucky,21199,61904
1093,Kentucky,21201,62492
1094,Kentucky,21203,61795
1095,Kentucky,21205,63340
1096,Kentucky,21207,61795
1097,Kentucky,21209,63914
1098,Kentucky,21211,63340
1099,Kentucky,21213,62807
1100,Kentucky,21215,64160
1101,Kentucky,21217,61795
1102,Kentucky,21219,62082
1103,Kentucky,21221,63818
1104,Kentucky,21223,64160
1105,Kentucky,21225,61795
1106,Kentucky,21227,62943
1107,Kentucky,21229,62096
1108,Kentucky,21231,61795
1109,Kentucky,21233,61795
1110,Kentucky,21235,62096
1111,Kentucky,21237,62027
1112,Kentucky,21239,63914
1113,Louisiana,22001,57635
1114,Louisiana,22003,57635
1115,Louisiana,22005,61081
1116,Louisiana,22007,57881
1117,Louisiana,22009,57690
1118,Louisiana,22011,57635
1119,Louisiana,22013,57635
1120,Louisiana,22015,61382
1121,Louisiana,22017,61382
1122,Louisiana,22019,60124
1123,Louisiana,22021,57635
1124,Louisiana,22023,60124
1125,Louisiana,22025,57635
1126,Louisiana,22027,57635
1127,Louisiana,22029,57635
1128,Louisiana,22031,61382
1129,Louisiana,22033,61081
1130,Louisiana,22035,57635
1131,Louisiana,22037,61081
1132,Louisiana,22039,57635
1133,Louisiana,22041,57635
1134,Louisiana,22043,60315
1135,Louisiana,22045,58797
1136,Louisiana,22047,58483
1137,Louisiana,22049,57635
1138,Louisiana,22053,57635
1139,Louisiana,22051,62558
1140,Louisiana,22055,60903
1141,Louisiana,22057,61259
1142,Louisiana,22059,57635
1143,Louisiana,22061,58920
1144,Louisiana,22063,61081
1145,Louisiana,22065,57635
1146,Louisiana,22067,57635
1147,Louisiana,22069,58661
1148,Louisiana,22071,62558
1149,Louisiana,22073,60438
1150,Louisiana,22075,62558
1151,Louisiana,22077,61081
1152,Louisiana,22079,60315
1153,Louisiana,22081,58893
1154,Louisiana,22083,57635
1155,Louisiana,22085,57635
1156,Louisiana,22087,62558
1157,Louisiana,22089,62558
1158,Louisiana,22091,61081
1159,Louisiana,22093,57635
1160,Louisiana,22095,62558
1161,Louisiana,22097,57635
1162,Louisiana,22099,60903
1163,Louisiana,22101,58619
1164,Louisiana,22103,62558
1165,Louisiana,22105,60165
1166,Louisiana,22107,57635
1167,Louisiana,22109,61259
1168,Louisiana,22111,60438
1169,Louisiana,22113,58209
1170,Louisiana,22115,61983
1171,Louisiana,22117,57662
1172,Louisiana,22119,57854
1173,Louisiana,22121,61081
1174,Louisiana,22123,57635
1175,Louisiana,22125,61081
1176,Louisiana,22127,57635
1177,Maine,23001,64192
1178,Maine,23003,62127
1179,Maine,23005,68887
1180,Maine,23007,62209
1181,Maine,23009,65149
1182,Maine,23011,64356
1183,Maine,23013,64766
1184,Maine,23015,65081
1185,Maine,23017,62291
1186,Maine,23019,63115
1187,Maine,23021,62127
1188,Maine,23023,64178
1189,Maine,23025,63153
1190,Maine,23027,63467
1191,Maine,23029,62305
1192,Maine,23031,66040
1193,Maryland,24001,64043
1194,Maryland,24003,73519
1195,Maryland,24510,73519
1196,Maryland,24005,73519
1197,Maryland,24009,78579
1198,Maryland,24011,67544
1199,Maryland,24013,73519
1200,Maryland,24015,71263
1201,Maryland,24017,78579
1202,Maryland,24019,67339
1203,Maryland,24021,78579
1204,Maryland,24023,65083
1205,Maryland,24025,73519
1206,Maryland,24027,73519
1207,Maryland,24029,70074
1208,Maryland,24031,78579
1209,Maryland,24033,78579
1210,Maryland,24035,73519
1211,Maryland,24039,64741
1212,Maryland,24037,71933
1213,Maryland,24041,71085
1214,Maryland,24043,66573
1215,Maryland,24045,67640
1216,Maryland,24047,67776
1217,Massachusetts,25001,71853
1218,Massachusetts,25003,67016
1219,Massachusetts,25005,68807
1220,Massachusetts,25007,73028
1221,Massachusetts,25009,76467
1222,Massachusetts,25011,67381
1223,Massachusetts,25013,69350
1224,Massachusetts,25015,69350
1225,Massachusetts,25017,76784
1226,Massachusetts,25019,72810
1227,Massachusetts,25021,77759
1228,Massachusetts,25023,74240
1229,Massachusetts,25025,78019
1230,Massachusetts,25027,69354
1231,Michigan,26001,61534
1232,Michigan,26003,61534
1233,Michigan,26005,62163
1234,Michigan,26007,61534
1235,Michigan,26009,61793
1236,Michigan,26011,61534
1237,Michigan,26013,61534
1238,Michigan,26015,62135
1239,Michigan,26017,62149
1240,Michigan,26019,62682
1241,Michigan,26021,61985
1242,Michigan,26023,62053
1243,Michigan,26025,63243
1244,Michigan,26027,62299
1245,Michigan,26029,61999
1246,Michigan,26031,61534
1247,Michigan,26033,61752
1248,Michigan,26035,61534
1249,Michigan,26037,63366
1250,Michigan,26039,62313
1251,Michigan,26041,61534
1252,Michigan,26043,62395
1253,Michigan,26045,63366
1254,Michigan,26047,63161
1255,Michigan,26049,62313
1256,Michigan,26051,61534
1257,Michigan,26053,61534
1258,Michigan,26055,64227
1259,Michigan,26057,61534
1260,Michigan,26059,61534
1261,Michigan,26061,61534
1262,Michigan,26063,61534
1263,Michigan,26065,63366
1264,Michigan,26067,62299
1265,Michigan,26069,61534
1266,Michigan,26071,61534
1267,Michigan,26073,61793
1268,Michigan,26075,62737
1269,Michigan,26077,62915
1270,Michigan,26079,62135
1271,Michigan,26081,63475
1272,Michigan,26083,61534
1273,Michigan,26085,61534
1274,Michigan,26087,64679
1275,Michigan,26089,63434
1276,Michigan,26091,63216
1277,Michigan,26093,64829
1278,Michigan,26095,61534
1279,Michigan,26097,61534
1280,Michigan,26099,64679
1281,Michigan,26101,61534
1282,Michigan,26103,61985
1283,Michigan,26105,62163
1284,Michigan,26107,61534
1285,Michigan,26109,61534
1286,Michigan,26111,62381
1287,Michigan,26113,61766
1288,Michigan,26115,63653
1289,Michigan,26117,61534
1290,Michigan,26119,61766
1291,Michigan,26121,62108
1292,Michigan,26123,61999
1293,Michigan,26125,64679
1294,Michigan,26127,61561
1295,Michigan,26129,61534
1296,Michigan,26131,61534
1297,Michigan,26133,61534
1298,Michigan,26135,61534
1299,Michigan,26137,62190
1300,Michigan,26139,62792
1301,Michigan,26141,61534
1302,Michigan,26143,61547
1303,Michigan,26145,62546
1304,Michigan,26151,61534
1305,Michigan,26153,61534
1306,Michigan,26155,62710
1307,Michigan,26147,64679
1308,Michigan,26149,61917
1309,Michigan,26157,61534
1310,Michigan,26159,62915
1311,Michigan,26161,66238
1312,Michigan,26163,64679
1313,Michigan,26165,62628
1314,Minnesota,27001,64563
1315,Minnesota,27003,69759
1316,Minnesota,27005,64235
1317,Minnesota,27007,64891
1318,Minnesota,27009,65028
1319,Minnesota,27011,64221
1320,Minnesota,27013,66573
1321,Minnesota,27015,64221
1322,Minnesota,27017,65452
1323,Minnesota,27019,69759
1324,Minnesota,27021,64836
1325,Minnesota,27023,64221
1326,Minnesota,27025,69759
1327,Minnesota,27027,65397
1328,Minnesota,27029,64221
1329,Minnesota,27031,65411
1330,Minnesota,27033,64221
1331,Minnesota,27035,65684
1332,Minnesota,27037,69759
1333,Minnesota,27039,67708
1334,Minnesota,27041,65096
1335,Minnesota,27043,64221
1336,Minnesota,27045,64221
1337,Minnesota,27047,64221
1338,Minnesota,27049,65739
1339,Minnesota,27051,64221
1340,Minnesota,27053,69759
1341,Minnesota,27055,66040
1342,Minnesota,27057,64221
1343,Minnesota,27059,69759
1344,Minnesota,27061,65028
1345,Minnesota,27063,64221
1346,Minnesota,27065,65137
1347,Minnesota,27067,64371
1348,Minnesota,27069,64221
1349,Minnesota,27071,64221
1350,Minnesota,27073,64221
1351,Minnesota,27075,64836
1352,Minnesota,27077,64221
1353,Minnesota,27079,65096
1354,Minnesota,27081,64221
1355,Minnesota,27083,64221
1356,Minnesota,27087,64221
1357,Minnesota,27089,64221
1358,Minnesota,27091,64221
1359,Minnesota,27085,64303
1360,Minnesota,27093,65055
1361,Minnesota,27095,66450
1362,Minnesota,27097,64221
1363,Minnesota,27099,65247
1364,Minnesota,27101,64221
1365,Minnesota,27103,66573
1366,Minnesota,27105,64221
1367,Minnesota,27107,64221
1368,Minnesota,27109,67708
1369,Minnesota,27111,64221
1370,Minnesota,27113,64494
1371,Minnesota,27115,65643
1372,Minnesota,27117,64221
1373,Minnesota,27119,66587
1374,Minnesota,27121,64563
1375,Minnesota,27123,69759
1376,Minnesota,27125,64221
1377,Minnesota,27127,64221
1378,Minnesota,27129,64221
1379,Minnesota,27131,66956
1380,Minnesota,27133,64221
1381,Minnesota,27135,64221
1382,Minnesota,27139,69759
1383,Minnesota,27141,69759
1384,Minnesota,27143,64399
1385,Minnesota,27145,65028
1386,Minnesota,27147,65452
1387,Minnesota,27149,64221
1388,Minnesota,27137,65452
1389,Minnesota,27151,64221
1390,Minnesota,27153,64221
1391,Minnesota,27155,64221
1392,Minnesota,27157,65452
1393,Minnesota,27159,64221
1394,Minnesota,27161,64221
1395,Minnesota,27163,69759
1396,Minnesota,27165,64221
1397,Minnesota,27167,64221
1398,Minnesota,27169,64672
1399,Minnesota,27171,69759
1400,Minnesota,27173,64221
1401,Mississippi,28001,54747
1402,Mississippi,28003,53462
1403,Mississippi,28005,54159
1404,Mississippi,28007,53462
1405,Mississippi,28009,53462
1406,Mississippi,28011,53462
1407,Mississippi,28013,53462
1408,Mississippi,28015,53462
1409,Mississippi,28017,53462
1410,Mississippi,28019,53462
1411,Mississippi,28021,53899
1412,Mississippi,28023,53927
1413,Mississippi,28025,53462
1414,Mississippi,28027,53626
1415,Mississippi,28029,55855
1416,Mississippi,28031,53462
1417,Mississippi,28033,55568
1418,Mississippi,28035,56142
1419,Mississippi,28037,53462
1420,Mississippi,28039,54747
1421,Mississippi,28041,53462
1422,Mississippi,28043,53462
1423,Mississippi,28045,54775
1424,Mississippi,28047,54775
1425,Mississippi,28049,55855
1426,Mississippi,28051,53462
1427,Mississippi,28053,53530
1428,Mississippi,28055,53462
1429,Mississippi,28057,53462
1430,Mississippi,28059,54939
1431,Mississippi,28061,54638
1432,Mississippi,28063,53462
1433,Mississippi,28065,54296
1434,Mississippi,28067,55185
1435,Mississippi,28069,53462
1436,Mississippi,28071,56798
1437,Mississippi,28073,56142
1438,Mississippi,28075,54679
1439,Mississippi,28077,53995
1440,Mississippi,28079,53804
1441,Mississippi,28081,55007
1442,Mississippi,28083,53462
1443,Mississippi,28085,53503
1444,Mississippi,28087,53462
1445,Mississippi,28089,55855
1446,Mississippi,28091,53462
1447,Mississippi,28093,53462
1448,Mississippi,28095,53462
1449,Mississippi,28097,53462
1450,Mississippi,28099,53503
1451,Mississippi,28101,53489
1452,Mississippi,28103,53462
1453,Mississippi,28105,55814
1454,Mississippi,28107,53462
1455,Mississippi,28109,55486
1456,Mississippi,28111,56142
1457,Mississippi,28113,54446
1458,Mississippi,28115,53817
1459,Mississippi,28117,53462
1460,Mississippi,28119,53462
1461,Mississippi,28121,55855
1462,Mississippi,28123,53462
1463,Mississippi,28125,53462
1464,Mississippi,28127,53462
1465,Mississippi,28129,53462
1466,Mississippi,28131,54077
1467,Mississippi,28133,53462
1468,Mississippi,28135,53462
1469,Mississippi,28137,53558
1470,Mississippi,28139,53667
1471,Mississippi,28141,53462
1472,Mississippi,28143,53927
1473,Mississippi,28145,53462
1474,Mississippi,28147,53462
1475,Mississippi,28149,54364
1476,Mississippi,28151,53462
1477,Mississippi,28153,53462
1478,Mississippi,28155,53462
1479,Mississippi,28157,53462
1480,Mississippi,28159,53462
1481,Mississippi,28161,53462
1482,Mississippi,28163,53640
1483,Missouri,29001,59686
1484,Missouri,29003,60711
1485,Missouri,29005,59686
1486,Missouri,29007,60452
1487,Missouri,29009,59686
1488,Missouri,29011,59686
1489,Missouri,29013,59686
1490,Missouri,29015,60028
1491,Missouri,29017,61026
1492,Missouri,29019,61532
1493,Missouri,29021,60711
1494,Missouri,29023,60164
1495,Missouri,29025,63911
1496,Missouri,29027,59795
1497,Missouri,29029,60260
1498,Missouri,29031,61026
1499,Missouri,29033,59686
1500,Missouri,29035,59713
1501,Missouri,29037,63911
1502,Missouri,29039,59836
1503,Missouri,29041,59686
1504,Missouri,29043,60643
1505,Missouri,29045,59686
1506,Missouri,29047,63911
1507,Missouri,29049,63911
1508,Missouri,29051,59823
1509,Missouri,29053,59905
1510,Missouri,29055,60288
1511,Missouri,29057,59686
1512,Missouri,29059,59686
1513,Missouri,29061,59686
1514,Missouri,29063,60711
1515,Missouri,29065,59686
1516,Missouri,29067,59686
1517,Missouri,29069,59686
1518,Missouri,29071,63227
1519,Missouri,29073,59686
1520,Missouri,29075,59686
1521,Missouri,29077,60643
1522,Missouri,29079,59686
1523,Missouri,29081,60137
1524,Missouri,29083,60561
1525,Missouri,29085,59686
1526,Missouri,29087,59686
1527,Missouri,29089,60506
1528,Missouri,29091,59686
1529,Missouri,29093,59686
1530,Missouri,29095,63911
1531,Missouri,29097,60588
1532,Missouri,29099,63227
1533,Missouri,29101,60930
1534,Missouri,29103,59686
1535,Missouri,29105,59686
1536,Missouri,29107,63911
1537,Missouri,29109,59686
1538,Missouri,29111,59686
1539,Missouri,29113,63227
1540,Missouri,29115,59686
1541,Missouri,29117,59754
1542,Missouri,29121,59686
1543,Missouri,29123,60260
1544,Missouri,29125,59686
1545,Missouri,29127,60014
1546,Missouri,29119,59686
1547,Missouri,29129,59686
1548,Missouri,29131,60028
1549,Missouri,29133,59905
1550,Missouri,29135,59686
1551,Missouri,29137,59686
1552,Missouri,29139,60041
1553,Missouri,29141,60698
1554,Missouri,29143,59686
1555,Missouri,29145,60588
1556,Missouri,29147,60219
1557,Missouri,29149,59686
1558,Missouri,29151,59823
1559,Missouri,29153,59686
1560,Missouri,29155,59686
1561,Missouri,29157,60233
1562,Missouri,29159,60917
1563,Missouri,29161,60698
1564,Missouri,29163,59686
1565,Missouri,29165,63911
1566,Missouri,29167,59686
1567,Missouri,29169,62393
1568,Missouri,29171,59686
1569,Missouri,29173,60711
1570,Missouri,29175,59686
1571,Missouri,29177,63911
1572,Missouri,29179,59686
1573,Missouri,29181,59686
1574,Missouri,29195,59686
1575,Missouri,29197,59686
1576,Missouri,29199,59686
1577,Missouri,29201,59686
1578,Missouri,29203,59686
1579,Missouri,29205,59686
1580,Missouri,29183,63227
1581,Missouri,29185,59686
1582,Missouri,29186,60205
1583,Missouri,29187,59686
1584,Missouri,29510,63227
1585,Missouri,29189,63227
1586,Missouri,29207,59686
1587,Missouri,29209,61395
1588,Missouri,29211,60684
1589,Missouri,29056,63227
1590,Missouri,29213,60698
1591,Missouri,29215,59686
1592,Missouri,29217,60561
1593,Missouri,29219,63227
1594,Missouri,29221,59686
1595,Missouri,29223,59686
1596,Missouri,29225,60643
1597,Missouri,29227,59686
1598,Missouri,29229,59686
1599,Montana,30001,66482
1600,Montana,30003,66659
1601,Montana,30005,66482
1602,Montana,30007,67425
1603,Montana,30009,68916
1604,Montana,30011,66482
1605,Montana,30013,67015
1606,Montana,30015,66482
1607,Montana,30017,66482
1608,Montana,30019,66482
1609,Montana,30021,66482
1610,Montana,30023,66482
1611,Montana,30025,66482
1612,Montana,30027,67343
1613,Montana,30029,67384
1614,Montana,30031,68765
1615,Montana,30033,66482
1616,Montana,30035,66482
1617,Montana,30037,66482
1618,Montana,30039,66618
1619,Montana,30041,66482
1620,Montana,30043,68697
1621,Montana,30045,66482
1622,Montana,30047,66673
1623,Montana,30049,67603
1624,Montana,30051,66482
1625,Montana,30053,66482
1626,Montana,30057,67425
1627,Montana,30055,66482
1628,Montana,30059,66755
1629,Montana,30061,66482
1630,Montana,30063,68861
1631,Montana,30065,66482
1632,Montana,30067,68833
1633,Montana,30069,67206
1634,Montana,30071,66482
1635,Montana,30073,66482
1636,Montana,30075,66482
1637,Montana,30077,66482
1638,Montana,30079,66482
1639,Montana,30081,67029
1640,Montana,30083,67644
1641,Montana,30085,66482
1642,Montana,30087,66482
1643,Montana,30089,66482
1644,Montana,30091,66482
1645,Montana,30093,66946
1646,Montana,30095,66482
1647,Montana,30097,67083
1648,Montana,30099,66523
1649,Montana,30101,66482
1650,Montana,30103,67206
1651,Montana,30105,66482
1652,Montana,30107,66482
1653,Montana,30109,67384
1654,Montana,30111,68916
1655,Nebraska,31001,61259
1656,Nebraska,31003,61259
1657,Nebraska,31005,63282
1658,Nebraska,31007,61259
1659,Nebraska,31009,61464
1660,Nebraska,31011,61259
1661,Nebraska,31013,61259
1662,Nebraska,31015,61259
1663,Nebraska,31017,61860
1664,Nebraska,31019,62312
1665,Nebraska,31021,61477
1666,Nebraska,31023,61259
1667,Nebraska,31025,64650
1668,Nebraska,31027,61259
1669,Nebraska,31029,61259
1670,Nebraska,31031,61259
1671,Nebraska,31033,61259
1672,Nebraska,31035,61259
1673,Nebraska,31037,61259
1674,Nebraska,31039,61259
1675,Nebraska,31041,61259
1676,Nebraska,31043,62722
1677,Nebraska,31045,61641
1678,Nebraska,31047,61259
1679,Nebraska,31049,61737
1680,Nebraska,31051,62722
1681,Nebraska,31053,62599
1682,Nebraska,31055,64650
1683,Nebraska,31057,61259
1684,Nebraska,31059,61259
1685,Nebraska,31061,61259
1686,Nebraska,31063,61259
1687,Nebraska,31065,61259
1688,Nebraska,31067,61683
1689,Nebraska,31069,61259
1690,Nebraska,31071,61915
1691,Nebraska,31073,61259
1692,Nebraska,31075,61259
1693,Nebraska,31077,61259
1694,Nebraska,31079,62093
1695,Nebraska,31081,61259
1696,Nebraska,31083,61259
1697,Nebraska,31085,62421
1698,Nebraska,31087,61259
1699,Nebraska,31089,61259
1700,Nebraska,31091,61259
1701,Nebraska,31093,61259
1702,Nebraska,31095,61259
1703,Nebraska,31097,61259
1704,Nebraska,31099,61997
1705,Nebraska,31101,61259
1706,Nebraska,31103,61259
1707,Nebraska,31105,61765
1708,Nebraska,31107,61259
1709,Nebraska,31109,63378
1710,Nebraska,31111,61860
1711,Nebraska,31113,61259
1712,Nebraska,31115,61259
1713,Nebraska,31119,61751
1714,Nebraska,31117,61368
1715,Nebraska,31121,61259
1716,Nebraska,31123,61259
1717,Nebraska,31125,61259
1718,Nebraska,31127,61259
1719,Nebraska,31129,61259
1720,Nebraska,31131,61259
1721,Nebraska,31133,61259
1722,Nebraska,31135,61259
1723,Nebraska,31137,61259
1724,Nebraska,31139,61259
1725,Nebraska,31141,62188
1726,Nebraska,31143,61259
1727,Nebraska,31145,61259
1728,Nebraska,31147,61259
1729,Nebraska,31149,61259
1730,Nebraska,31151,62681
1731,Nebraska,31153,64650
1732,Nebraska,31155,62544
1733,Nebraska,31157,61956
1734,Nebraska,31159,61655
1735,Nebraska,31161,61259
1736,Nebraska,31163,61259
1737,Nebraska,31165,61259
1738,Nebraska,31167,61259
1739,Nebraska,31169,61259
1740,Nebraska,31171,61259
1741,Nebraska,31173,61259
1742,Nebraska,31175,61259
1743,Nebraska,31177,64650
1744,Nebraska,31179,61259
1745,Nebraska,31181,61259
1746,Nebraska,31183,61259
1747,Nebraska,31185,61259
1748,Nevada,32510,64644
1749,Nevada,32001,64931
1750,Nevada,32003,66462
1751,Nevada,32005,66107
1752,Nevada,32007,65491
1753,Nevada,32009,62729
1754,Nevada,32011,64603
1755,Nevada,32013,65191
1756,Nevada,32015,65765
1757,Nevada,32017,62729
1758,Nevada,32019,63810
1759,Nevada,32021,62729
1760,Nevada,32023,63153
1761,Nevada,32027,62729
1762,Nevada,32029,65997
1763,Nevada,32031,65997
1764,Nevada,32033,64343
1765,New Hampshire,33001,64373
1766,New Hampshire,33003,64196
1767,New Hampshire,33005,65084
1768,New Hampshire,33007,60517
1769,New Hampshire,33009,66370
1770,New Hampshire,33011,66046
1771,New Hampshire,33013,65112
1772,New Hampshire,33015,68372
1773,New Hampshire,33017,67012
1774,New Hampshire,33019,63717
1775,New Jersey,34001,73640
1776,New Jersey,34003,77017
1777,New Jersey,34005,72286
1778,New Jersey,34007,72286
1779,New Jersey,34009,71219
1780,New Jersey,34011,71178
1781,New Jersey,34013,73339
1782,New Jersey,34015,72286
1783,New Jersey,34017,76498
1784,New Jersey,34019,78344
1785,New Jersey,34021,74378
1786,New Jersey,34023,78344
1787,New Jersey,34025,76019
1788,New Jersey,34027,73339
1789,New Jersey,34029,76019
1790,New Jersey,34031,77017
1791,New Jersey,34033,72286
1792,New Jersey,34035,78344
1793,New Jersey,34037,73339
1794,New Jersey,34039,73339
1795,New Jersey,34041,71014
1796,New Mexico,35001,67112
1797,New Mexico,35003,64227
1798,New Mexico,35005,65539
1799,New Mexico,35006,64227
1800,New Mexico,35007,64227
1801,New Mexico,35009,64391
1802,New Mexico,35011,64227
1803,New Mexico,35013,64610
1804,New Mexico,35015,65471
1805,New Mexico,35017,64227
1806,New Mexico,35019,64227
1807,New Mexico,35021,64227
1808,New Mexico,35023,64227
1809,New Mexico,35025,67098
1810,New Mexico,35027,66278
1811,New Mexico,35028,67796
1812,New Mexico,35029,64227
1813,New Mexico,35031,64227
1814,New Mexico,35033,64801
1815,New Mexico,35035,64227
1816,New Mexico,35037,64227
1817,New Mexico,35039,64227
1818,New Mexico,35041,64227
1819,New Mexico,35043,67112
1820,New Mexico,35045,65772
1821,New Mexico,35047,64268
1822,New Mexico,35049,69437
1823,New Mexico,35051,64227
1824,New Mexico,35053,64227
1825,New Mexico,35055,66237
1826,New Mexico,35057,67112
1827,New Mexico,35059,64227
1828,New Mexico,35061,67112
1829,New York,36001,81009
1830,New York,36003,76565
1831,New York,36005,89638
1832,New York,36007,77741
1833,New York,36009,76593
1834,New York,36011,77974
1835,New York,36013,76880
1836,New York,36015,78398
1837,New York,36017,77058
1838,New York,36019,78904
1839,New York,36021,80244
1840,New York,36023,77946
1841,New York,36025,77673
1842,New York,36027,84606
1843,New York,36029,78329
1844,New York,36031,79327
1845,New York,36033,77413
1846,New York,36035,77605
1847,New York,36037,77960
1848,New York,36039,79984
1849,New York,36041,77960
1850,New York,36043,78452
1851,New York,36045,82226
1852,New York,36047,89638
1853,New York,36049,76976
1854,New York,36051,79765
1855,New York,36053,78425
1856,New York,36055,79765
1857,New York,36057,77782
1858,New York,36059,92933
1859,New York,36061,89638
1860,New York,36063,78329
1861,New York,36065,78452
1862,New York,36067,78425
1863,New York,36069,79765
1864,New York,36071,84606
1865,New York,36073,79765
1866,New York,36075,78425
1867,New York,36077,78917
1868,New York,36079,89638
1869,New York,36081,89638
1870,New York,36083,81009
1871,New York,36085,89638
1872,New York,36087,89638
1873,New York,36091,81009
1874,New York,36093,81009
1875,New York,36095,81009
1876,New York,36097,76593
1877,New York,36099,77714
1878,New York,36101,77194
1879,New York,36089,78521
1880,New York,36103,92933
1881,New York,36105,80271
1882,New York,36107,77741
1883,New York,36109,81898
1884,New York,36111,82855
1885,New York,36113,79163
1886,New York,36115,79163
1887,New York,36117,79765
1888,New York,36119,90581
1889,New York,36121,76606
1890,New York,36123,77044
1891,North Carolina,37001,62809
1892,North Carolina,37003,60648
1893,North Carolina,37005,60129
1894,North Carolina,37007,60129
1895,North Carolina,37009,60129
1896,North Carolina,37011,61523
1897,North Carolina,37013,60129
1898,North Carolina,37015,60129
1899,North Carolina,37017,60129
1900,North Carolina,37019,63424
1901,North Carolina,37021,63534
1902,North Carolina,37023,60648
1903,North Carolina,37025,63752
1904,North Carolina,37027,60648
1905,North Carolina,37029,65202
1906,North Carolina,37031,62549
1907,North Carolina,37033,60129
1908,North Carolina,37035,60648
1909,North Carolina,37037,64723
1910,North Carolina,37039,60129
1911,North Carolina,37041,60307
1912,North Carolina,37043,60963
1913,North Carolina,37045,60183
1914,North Carolina,37047,60129
1915,North Carolina,37049,62672
1916,North Carolina,37051,62740
1917,North Carolina,37053,66802
1918,North Carolina,37055,63561
1919,North Carolina,37057,60183
1920,North Carolina,37059,61647
1921,North Carolina,37061,60129
1922,North Carolina,37063,64723
1923,North Carolina,37065,61510
1924,North Carolina,37067,61647
1925,North Carolina,37069,64928
1926,North Carolina,37071,63752
1927,North Carolina,37073,60129
1928,North Carolina,37075,60129
1929,North Carolina,37077,62098
1930,North Carolina,37079,60129
1931,North Carolina,37081,61783
1932,North Carolina,37083,60402
1933,North Carolina,37085,60936
1934,North Carolina,37087,61551
1935,North Carolina,37089,63534
1936,North Carolina,37091,60457
1937,North Carolina,37093,60648
1938,North Carolina,37095,63233
1939,North Carolina,37097,62631
1940,North Carolina,37099,60129
1941,North Carolina,37101,64928
1942,North Carolina,37103,60498
1943,North Carolina,37105,61059
1944,North Carolina,37107,60553
1945,North Carolina,37109,60894
1946,North Carolina,37113,61291
1947,North Carolina,37115,63534
1948,North Carolina,37117,60129
1949,North Carolina,37111,60129
1950,North Carolina,37119,63752
1951,North Carolina,37121,60129
1952,North Carolina,37123,60129
1953,North Carolina,37125,60566
1954,North Carolina,37127,61510
1955,North Carolina,37129,63862
1956,North Carolina,37131,60129
1957,North Carolina,37133,62453
1958,North Carolina,37135,64723
1959,North Carolina,37137,60129
1960,North Carolina,37139,62645
1961,North Carolina,37141,61154
1962,North Carolina,37143,62125
1963,North Carolina,37145,60594
1964,North Carolina,37147,62153
1965,North Carolina,37149,61906
1966,North Carolina,37151,61783
1967,North Carolina,37153,60129
1968,North Carolina,37155,60129
1969,North Carolina,37157,60129
1970,North Carolina,37159,60908
1971,North Carolina,37161,60129
1972,North Carolina,37163,60129
1973,North Carolina,37165,60156
1974,North Carolina,37167,60129
1975,North Carolina,37169,61647
1976,North Carolina,37171,60129
1977,North Carolina,37173,60129
1978,North Carolina,37175,60293
1979,North Carolina,37177,60129
1980,North Carolina,37179,63752
1981,North Carolina,37181,60129
1982,North Carolina,37183,64928
1983,North Carolina,37185,60129
1984,North Carolina,37187,61195
1985,North Carolina,37189,63479
1986,North Carolina,37191,60525
1987,North Carolina,37193,60129
1988,North Carolina,37195,61879
1989,North Carolina,37197,61647
1990,North Carolina,37199,60580
1991,North Dakota,38001,59550
1992,North Dakota,38003,60890
1993,North Dakota,38005,59550
1994,North Dakota,38007,61505
1995,North Dakota,38009,60329
1996,North Dakota,38011,61532
1997,North Dakota,38013,59810
1998,North Dakota,38015,61984
1999,North Dakota,38017,60726
2000,North Dakota,38019,59550
2001,North Dakota,38021,60233
2002,North Dakota,38023,59550
2003,North Dakota,38025,69518
2004,North Dakota,38027,59550
2005,North Dakota,38029,59550
2006,North Dakota,38031,59550
2007,North Dakota,38033,64869
2008,North Dakota,38035,61915
2009,North Dakota,38037,59550
2010,North Dakota,38039,59550
2011,North Dakota,38041,59550
2012,North Dakota,38043,60288
2013,North Dakota,38045,61095
2014,North Dakota,38047,59769
2015,North Dakota,38049,59550
2016,North Dakota,38051,59550
2017,North Dakota,38053,61327
2018,North Dakota,38055,59823
2019,North Dakota,38057,61245
2020,North Dakota,38059,61984
2021,North Dakota,38061,65785
2022,North Dakota,38063,59550
2023,North Dakota,38065,59550
2024,North Dakota,38067,59632
2025,North Dakota,38069,61697
2026,North Dakota,38071,60370
2027,North Dakota,38073,61286
2028,North Dakota,38075,60343
2029,North Dakota,38077,59673
2030,North Dakota,38079,59686
2031,North Dakota,38081,60589
2032,North Dakota,38083,59550
2033,North Dakota,38085,59550
2034,North Dakota,38087,61505
2035,North Dakota,38089,63912
2036,North Dakota,38091,59550
2037,North Dakota,38093,61437
2038,North Dakota,38095,59864
2039,North Dakota,38097,60671
2040,North Dakota,38099,59550
2041,North Dakota,38101,66469
2042,North Dakota,38103,59550
2043,North Dakota,38105,65566
2044,Ohio,39001,59408
2045,Ohio,39003,59408
2046,Ohio,39005,59586
2047,Ohio,39007,59408
2048,Ohio,39009,60407
2049,Ohio,39011,59805
2050,Ohio,39013,60434
2051,Ohio,39015,59408
2052,Ohio,39017,61118
2053,Ohio,39019,60502
2054,Ohio,39021,59504
2055,Ohio,39023,59545
2056,Ohio,39025,61118
2057,Ohio,39027,60256
2058,Ohio,39029,59504
2059,Ohio,39031,59408
2060,Ohio,39033,59408
2061,Ohio,39035,60776
2062,Ohio,39037,59408
2063,Ohio,39039,59408
2064,Ohio,39041,62212
2065,Ohio,39043,61897
2066,Ohio,39045,62212
2067,Ohio,39047,60434
2068,Ohio,39049,62212
2069,Ohio,39051,60078
2070,Ohio,39053,59408
2071,Ohio,39055,60776
2072,Ohio,39057,60543
2073,Ohio,39059,59408
2074,Ohio,39061,61118
2075,Ohio,39063,59668
2076,Ohio,39065,59408
2077,Ohio,39067,59408
2078,Ohio,39069,59408
2079,Ohio,39071,59408
2080,Ohio,39073,59408
2081,Ohio,39075,59408
2082,Ohio,39077,59408
2083,Ohio,39079,59408
2084,Ohio,39081,59846
2085,Ohio,39083,60078
2086,Ohio,39085,60776
2087,Ohio,39087,59627
2088,Ohio,39089,62212
2089,Ohio,39091,60338
2090,Ohio,39093,60776
2091,Ohio,39095,60078
2092,Ohio,39097,62212
2093,Ohio,39099,59408
2094,Ohio,39101,60201
2095,Ohio,39103,60776
2096,Ohio,39105,59408
2097,Ohio,39107,59408
2098,Ohio,39109,60543
2099,Ohio,39111,59408
2100,Ohio,39113,60543
2101,Ohio,39115,59408
2102,Ohio,39117,62212
2103,Ohio,39119,60010
2104,Ohio,39121,59477
2105,Ohio,39123,59860
2106,Ohio,39125,59408
2107,Ohio,39127,59408
2108,Ohio,39129,62212
2109,Ohio,39131,59408
2110,Ohio,39133,60899
2111,Ohio,39135,59832
2112,Ohio,39137,60215
2113,Ohio,39139,59408
2114,Ohio,39141,60967
2115,Ohio,39143,59408
2116,Ohio,39145,59408
2117,Ohio,39147,59408
2118,Ohio,39149,59983
2119,Ohio,39151,60502
2120,Ohio,39153,60899
2121,Ohio,39155,59408
2122,Ohio,39157,60407
2123,Ohio,39159,61856
2124,Ohio,39161,59408
2125,Ohio,39163,59408
2126,Ohio,39165,61118
2127,Ohio,39167,59408
2128,Ohio,39169,60160
2129,Ohio,39171,59408
2130,Ohio,39173,60078
2131,Ohio,39175,59408
2132,Oklahoma,40001,62114
2133,Oklahoma,40003,62114
2134,Oklahoma,40005,62114
2135,Oklahoma,40007,62114
2136,Oklahoma,40009,64794
2137,Oklahoma,40011,62373
2138,Oklahoma,40013,62565
2139,Oklahoma,40015,62114
2140,Oklahoma,40017,63864
2141,Oklahoma,40019,62715
2142,Oklahoma,40021,62114
2143,Oklahoma,40023,62114
2144,Oklahoma,40025,62114
2145,Oklahoma,40027,63864
2146,Oklahoma,40029,62114
2147,Oklahoma,40031,63002
2148,Oklahoma,40033,62114
2149,Oklahoma,40035,62114
2150,Oklahoma,40037,64014
2151,Oklahoma,40039,62114
2152,Oklahoma,40041,62114
2153,Oklahoma,40043,62209
2154,Oklahoma,40045,62948
2155,Oklahoma,40047,62496
2156,Oklahoma,40049,62114
2157,Oklahoma,40051,62114
2158,Oklahoma,40053,62114
2159,Oklahoma,40055,63522
2160,Oklahoma,40057,62114
2161,Oklahoma,40059,62114
2162,Oklahoma,40061,62114
2163,Oklahoma,40063,62114
2164,Oklahoma,40065,62264
2165,Oklahoma,40067,62114
2166,Oklahoma,40069,62114
2167,Oklahoma,40071,62114
2168,Oklahoma,40073,62114
2169,Oklahoma,40075,62114
2170,Oklahoma,40077,62114
2171,Oklahoma,40079,62114
2172,Oklahoma,40081,62114
2173,Oklahoma,40083,63864
2174,Oklahoma,40085,62291
2175,Oklahoma,40093,62114
2176,Oklahoma,40095,62168
2177,Oklahoma,40097,62114
2178,Oklahoma,40087,63864
2179,Oklahoma,40089,62114
2180,Oklahoma,40091,62114
2181,Oklahoma,40099,62114
2182,Oklahoma,40101,62114
2183,Oklahoma,40103,62114
2184,Oklahoma,40105,63659
2185,Oklahoma,40107,62114
2186,Oklahoma,40109,63864
2187,Oklahoma,40111,62114
2188,Oklahoma,40113,64014
2189,Oklahoma,40115,62565
2190,Oklahoma,40117,62114
2191,Oklahoma,40119,63686
2192,Oklahoma,40121,62852
2193,Oklahoma,40123,62346
2194,Oklahoma,40125,62442
2195,Oklahoma,40127,62114
2196,Oklahoma,40129,62114
2197,Oklahoma,40131,64014
2198,Oklahoma,40133,62114
2199,Oklahoma,40135,62114
2200,Oklahoma,40137,62114
2201,Oklahoma,40139,62565
2202,Oklahoma,40141,62114
2203,Oklahoma,40143,64014
2204,Oklahoma,40145,64014
2205,Oklahoma,40147,62264
2206,Oklahoma,40149,62237
2207,Oklahoma,40151,62114
2208,Oklahoma,40153,62729
2209,Oregon,41001,66038
2210,Oregon,41003,69443
2211,Oregon,41005,73709
2212,Oregon,41007,68034
2213,Oregon,41009,73709
2214,Oregon,41011,67023
2215,Oregon,41013,66038
2216,Oregon,41015,68431
2217,Oregon,41017,68445
2218,Oregon,41019,66749
2219,Oregon,41021,66038
2220,Oregon,41023,66038
2221,Oregon,41025,66038
2222,Oregon,41027,69019
2223,Oregon,41029,68513
2224,Oregon,41031,66038
2225,Oregon,41033,67597
2226,Oregon,41035,66831
2227,Oregon,41037,66038
2228,Oregon,41039,68882
2229,Oregon,41041,68116
2230,Oregon,41043,68732
2231,Oregon,41045,66038
2232,Oregon,41047,67857
2233,Oregon,41049,66038
2234,Oregon,41051,73709
2235,Oregon,41053,67857
2236,Oregon,41055,66749
2237,Oregon,41057,67515
2238,Oregon,41059,66366
2239,Oregon,41061,66038
2240,Oregon,41063,66038
2241,Oregon,41065,67487
2242,Oregon,41067,73709
2243,Oregon,41069,66038
2244,Oregon,41071,73709
2245,Pennsylvania,42001,63391
2246,Pennsylvania,42003,62680
2247,Pennsylvania,42005,60752
2248,Pennsylvania,42007,62680
2249,Pennsylvania,42009,60752
2250,Pennsylvania,42011,64499
2251,Pennsylvania,42013,61354
2252,Pennsylvania,42015,61217
2253,Pennsylvania,42017,68000
2254,Pennsylvania,42019,62680
2255,Pennsylvania,42021,60752
2256,Pennsylvania,42023,60752
2257,Pennsylvania,42025,65634
2258,Pennsylvania,42027,64294
2259,Pennsylvania,42029,68000
2260,Pennsylvania,42031,60752
2261,Pennsylvania,42033,62325
2262,Pennsylvania,42035,61887
2263,Pennsylvania,42037,62803
2264,Pennsylvania,42039,61833
2265,Pennsylvania,42041,63993
2266,Pennsylvania,42043,63993
2267,Pennsylvania,42045,68000
2268,Pennsylvania,42047,60752
2269,Pennsylvania,42049,61792
2270,Pennsylvania,42051,62680
2271,Pennsylvania,42053,61272
2272,Pennsylvania,42055,63036
2273,Pennsylvania,42057,60752
2274,Pennsylvania,42059,60766
2275,Pennsylvania,42061,60752
2276,Pennsylvania,42063,61368
2277,Pennsylvania,42065,60752
2278,Pennsylvania,42067,60752
2279,Pennsylvania,42069,62407
2280,Pennsylvania,42071,64349
2281,Pennsylvania,42073,61026
2282,Pennsylvania,42075,62092
2283,Pennsylvania,42077,65634
2284,Pennsylvania,42079,62407
2285,Pennsylvania,42081,62858
2286,Pennsylvania,42083,60903
2287,Pennsylvania,42085,61190
2288,Pennsylvania,42087,60752
2289,Pennsylvania,42089,67740
2290,Pennsylvania,42091,68000
2291,Pennsylvania,42093,64841
2292,Pennsylvania,42095,65634
2293,Pennsylvania,42097,61080
2294,Pennsylvania,42099,63993
2295,Pennsylvania,42101,68000
2296,Pennsylvania,42103,67083
2297,Pennsylvania,42105,60752
2298,Pennsylvania,42107,61627
2299,Pennsylvania,42109,61655
2300,Pennsylvania,42111,60752
2301,Pennsylvania,42113,60752
2302,Pennsylvania,42115,61805
2303,Pennsylvania,42117,61641
2304,Pennsylvania,42119,62174
2305,Pennsylvania,42121,60752
2306,Pennsylvania,42123,60752
2307,Pennsylvania,42125,62680
2308,Pennsylvania,42127,62489
2309,Pennsylvania,42129,62680
2310,Pennsylvania,42131,62407
2311,Pennsylvania,42133,63638
2312,Rhode Island,44001,69329
2313,Rhode Island,44003,69329
2314,Rhode Island,44005,70936
2315,Rhode Island,44007,69329
2316,Rhode Island,44009,69917
2317,South Carolina,45001,56960
2318,South Carolina,45003,57931
2319,South Carolina,45005,56960
2320,South Carolina,45007,56960
2321,South Carolina,45009,57343
2322,South Carolina,45011,57179
2323,South Carolina,45013,62553
2324,South Carolina,45015,61049
2325,South Carolina,45017,59722
2326,South Carolina,45019,61049
2327,South Carolina,45021,57179
2328,South Carolina,45023,56960
2329,South Carolina,45025,56960
2330,South Carolina,45027,56960
2331,South Carolina,45029,57521
2332,South Carolina,45031,56960
2333,South Carolina,45033,56960
2334,South Carolina,45035,61049
2335,South Carolina,45037,57931
2336,South Carolina,45039,59722
2337,South Carolina,45041,57685
2338,South Carolina,45043,58423
2339,South Carolina,45045,58314
2340,South Carolina,45047,57726
2341,South Carolina,45049,56960
2342,South Carolina,45051,59777
2343,South Carolina,45053,59681
2344,South Carolina,45055,57124
2345,South Carolina,45057,61172
2346,South Carolina,45059,56960
2347,South Carolina,45061,56960
2348,South Carolina,45063,59722
2349,South Carolina,45067,56960
2350,South Carolina,45069,56960
2351,South Carolina,45065,56960
2352,South Carolina,45071,56960
2353,South Carolina,45073,56960
2354,South Carolina,45075,57986
2355,South Carolina,45077,58314
2356,South Carolina,45079,59722
2357,South Carolina,45081,59722
2358,South Carolina,45083,57275
2359,South Carolina,45085,57712
2360,South Carolina,45087,56960
2361,South Carolina,45089,56960
2362,South Carolina,45091,60146
2363,South Dakota,46003,57923
2364,South Dakota,46005,57923
2365,South Dakota,46007,57923
2366,South Dakota,46009,57923
2367,South Dakota,46011,58935
2368,South Dakota,46013,58580
2369,South Dakota,46015,57923
2370,South Dakota,46017,59550
2371,South Dakota,46019,57923
2372,South Dakota,46021,57951
2373,South Dakota,46023,57923
2374,South Dakota,46025,58347
2375,South Dakota,46027,59291
2376,South Dakota,46029,58429
2377,South Dakota,46031,57923
2378,South Dakota,46033,59783
2379,South Dakota,46035,58320
2380,South Dakota,46037,57923
2381,South Dakota,46039,57923
2382,South Dakota,46041,58306
2383,South Dakota,46043,60890
2384,South Dakota,46045,58292
2385,South Dakota,46047,57951
2386,South Dakota,46049,57923
2387,South Dakota,46051,57937
2388,South Dakota,46053,57923
2389,South Dakota,46055,58921
2390,South Dakota,46057,58402
2391,South Dakota,46059,57923
2392,South Dakota,46061,57923
2393,South Dakota,46063,57923
2394,South Dakota,46065,58607
2395,South Dakota,46067,58033
2396,South Dakota,46069,57923
2397,South Dakota,46071,57923
2398,South Dakota,46073,57923
2399,South Dakota,46075,57923
2400,South Dakota,46077,57923
2401,South Dakota,46079,57923
2402,South Dakota,46081,57923
2403,South Dakota,46083,60193
2404,South Dakota,46085,57923
2405,South Dakota,46091,57923
2406,South Dakota,46087,60193
2407,South Dakota,46089,59632
2408,South Dakota,46093,58689
2409,South Dakota,46095,57923
2410,South Dakota,46097,57923
2411,South Dakota,46099,60193
2412,South Dakota,46101,57923
2413,South Dakota,46103,60357
2414,South Dakota,46105,57923
2415,South Dakota,46107,57923
2416,South Dakota,46109,57923
2417,South Dakota,46111,57923
2418,South Dakota,46113,57923
2419,South Dakota,46115,57923
2420,South Dakota,46117,58730
2421,South Dakota,46119,57923
2422,South Dakota,46121,57923
2423,South Dakota,46123,57923
2424,South Dakota,46125,60193
2425,South Dakota,46127,59400
2426,South Dakota,46129,57923
2427,South Dakota,46135,57923
2428,South Dakota,46137,57923
2429,Tennessee,47001,57649
2430,Tennessee,47003,55940
2431,Tennessee,47005,54873
2432,Tennessee,47007,54873
2433,Tennessee,47009,57649
2434,Tennessee,47011,56746
2435,Tennessee,47013,54873
2436,Tennessee,47015,59673
2437,Tennessee,47017,54873
2438,Tennessee,47019,55693
2439,Tennessee,47021,59673
2440,Tennessee,47023,55953
2441,Tennessee,47025,54873
2442,Tennessee,47027,54873
2443,Tennessee,47029,54873
2444,Tennessee,47031,56035
2445,Tennessee,47033,54873
2446,Tennessee,47035,55734
2447,Tennessee,47037,59673
2448,Tennessee,47039,54873
2449,Tennessee,47041,54873
2450,Tennessee,47043,59673
2451,Tennessee,47045,55105
2452,Tennessee,47047,57977
2453,Tennessee,47049,54873
2454,Tennessee,47051,54873
2455,Tennessee,47053,54873
2456,Tennessee,47055,54873
2457,Tennessee,47057,54873
2458,Tennessee,47059,55598
2459,Tennessee,47061,54873
2460,Tennessee,47063,55680
2461,Tennessee,47065,57799
2462,Tennessee,47067,54873
2463,Tennessee,47069,54873
2464,Tennessee,47071,55940
2465,Tennessee,47073,55256
2466,Tennessee,47075,55693
2467,Tennessee,47077,55707
2468,Tennessee,47079,54873
2469,Tennessee,47081,56363
2470,Tennessee,47083,54873
2471,Tennessee,47085,55283
2472,Tennessee,47087,54873
2473,Tennessee,47089,55680
2474,Tennessee,47091,54873
2475,Tennessee,47093,57649
2476,Tennessee,47095,54873
2477,Tennessee,47097,54873
2478,Tennessee,47099,54873
2479,Tennessee,47101,54873
2480,Tennessee,47103,54914
2481,Tennessee,47105,57649
2482,Tennessee,47111,54873
2483,Tennessee,47113,55953
2484,Tennessee,47115,57799
2485,Tennessee,47117,56104
2486,Tennessee,47119,56883
2487,Tennessee,47107,55311
2488,Tennessee,47109,54873
2489,Tennessee,47121,54873
2490,Tennessee,47123,54887
2491,Tennessee,47125,57061
2492,Tennessee,47127,54873
2493,Tennessee,47129,55215
2494,Tennessee,47131,54873
2495,Tennessee,47133,54873
2496,Tennessee,47135,54873
2497,Tennessee,47137,54873
2498,Tennessee,47139,56746
2499,Tennessee,47141,54996
2500,Tennessee,47143,55324
2501,Tennessee,47145,56418
2502,Tennessee,47147,59673
2503,Tennessee,47149,59673
2504,Tennessee,47151,54873
2505,Tennessee,47153,57799
2506,Tennessee,47155,56268
2507,Tennessee,47157,57977
2508,Tennessee,47159,55119
2509,Tennessee,47161,54873
2510,Tennessee,47163,55256
2511,Tennessee,47165,59673
2512,Tennessee,47167,57977
2513,Tennessee,47169,59673
2514,Tennessee,47171,55693
2515,Tennessee,47173,57649
2516,Tennessee,47175,54873
2517,Tennessee,47177,54873
2518,Tennessee,47179,55693
2519,Tennessee,47181,54873
2520,Tennessee,47183,54873
2521,Tennessee,47185,54873
2522,Tennessee,47187,59673
2523,Tennessee,47189,59673
2524,Texas,48001,57288
2525,Texas,48003,61199
2526,Texas,48005,58327
2527,Texas,48007,58792
2528,Texas,48009,57807
2529,Texas,48011,58724
2530,Texas,48013,58190
2531,Texas,48015,59394
2532,Texas,48017,56714
2533,Texas,48019,60583
2534,Texas,48021,63742
2535,Texas,48023,56714
2536,Texas,48025,58724
2537,Texas,48027,58190
2538,Texas,48029,60583
2539,Texas,48031,59421
2540,Texas,48033,57507
2541,Texas,48035,57028
2542,Texas,48037,57247
2543,Texas,48039,60720
2544,Texas,48041,58956
2545,Texas,48043,58040
2546,Texas,48045,56714
2547,Texas,48047,56714
2548,Texas,48049,57165
2549,Texas,48051,58956
2550,Texas,48053,58478
2551,Texas,48055,63742
2552,Texas,48057,59052
2553,Texas,48059,58614
2554,Texas,48061,56905
2555,Texas,48063,56755
2556,Texas,48065,58724
2557,Texas,48067,56714
2558,Texas,48069,57479
2559,Texas,48071,60747
2560,Texas,48073,57712
2561,Texas,48075,57165
2562,Texas,48077,57807
2563,Texas,48079,56714
2564,Texas,48081,56946
2565,Texas,48083,56714
2566,Texas,48085,61499
2567,Texas,48087,56714
2568,Texas,48089,56714
2569,Texas,48091,60583
2570,Texas,48093,56714
2571,Texas,48095,63140
2572,Texas,48097,58819
2573,Texas,48099,58190
2574,Texas,48101,56714
2575,Texas,48103,56714
2576,Texas,48105,56714
2577,Texas,48107,58190
2578,Texas,48109,56714
2579,Texas,48111,58341
2580,Texas,48113,61499
2581,Texas,48115,56714
2582,Texas,48117,57657
2583,Texas,48119,57014
2584,Texas,48121,61499
2585,Texas,48123,56796
2586,Texas,48125,56714
2587,Texas,48127,56878
2588,Texas,48129,56714
2589,Texas,48131,58149
2590,Texas,48133,56714
2591,Texas,48135,65383
2592,Texas,48137,56714
2593,Texas,48139,61499
2594,Texas,48141,58806
2595,Texas,48143,58395
2596,Texas,48145,56714
2597,Texas,48147,56891
2598,Texas,48149,57110
2599,Texas,48151,56714
2600,Texas,48153,56714
2601,Texas,48155,56714
2602,Texas,48157,60747
2603,Texas,48159,56714
2604,Texas,48161,56714
2605,Texas,48163,56727
2606,Texas,48165,56714
2607,Texas,48167,60747
2608,Texas,48169,56714
2609,Texas,48171,60734
2610,Texas,48173,57507
2611,Texas,48175,59954
2612,Texas,48177,56755
2613,Texas,48179,57684
2614,Texas,48181,58272
2615,Texas,48183,59093
2616,Texas,48185,56809
2617,Texas,48187,60583
2618,Texas,48189,56714
2619,Texas,48191,56714
2620,Texas,48193,57192
2621,Texas,48195,57178
2622,Texas,48197,57069
2623,Texas,48199,58778
2624,Texas,48201,60747
2625,Texas,48203,58409
2626,Texas,48205,58464
2627,Texas,48207,56714
2628,Texas,48209,63742
2629,Texas,48211,56714
2630,Texas,48213,57069
2631,Texas,48215,57438
2632,Texas,48217,58136
2633,Texas,48219,58464
2634,Texas,48221,59448
2635,Texas,48223,58026
2636,Texas,48225,57479
2637,Texas,48227,59066
2638,Texas,48229,59544
2639,Texas,48231,61499
2640,Texas,48233,57917
2641,Texas,48235,60720
2642,Texas,48237,59818
2643,Texas,48239,58313
2644,Texas,48241,57958
2645,Texas,48243,62060
2646,Texas,48245,58778
2647,Texas,48247,56714
2648,Texas,48249,58696
2649,Texas,48251,60706
2650,Texas,48253,58614
2651,Texas,48255,56809
2652,Texas,48257,61499
2653,Texas,48259,62525
2654,Texas,48261,58970
2655,Texas,48263,56714
2656,Texas,48265,59312
2657,Texas,48267,57589
2658,Texas,48269,61130
2659,Texas,48271,57753
2660,Texas,48273,58013
2661,Texas,48275,56714
2662,Texas,48277,57151
2663,Texas,48279,56714
2664,Texas,48281,56714
2665,Texas,48283,57712
2666,Texas,48285,56727
2667,Texas,48287,58368
2668,Texas,48289,56714
2669,Texas,48291,60747
2670,Texas,48293,58847
2671,Texas,48295,56809
2672,Texas,48297,56714
2673,Texas,48299,57862
2674,Texas,48301,57507
2675,Texas,48303,58190
2676,Texas,48305,56973
2677,Texas,48313,57001
2678,Texas,48315,56714
2679,Texas,48317,57671
2680,Texas,48319,61896
2681,Texas,48321,57534
2682,Texas,48323,57288
2683,Texas,48307,56714
2684,Texas,48309,58491
2685,Texas,48311,57507
2686,Texas,48325,57055
2687,Texas,48327,57972
2688,Texas,48329,68186
2689,Texas,48331,57178
2690,Texas,48333,57602
2691,Texas,48335,56714
2692,Texas,48337,59243
2693,Texas,48339,60747
2694,Texas,48341,57534
2695,Texas,48343,56714
2696,Texas,48345,56714
2697,Texas,48347,58505
2698,Texas,48349,58190
2699,Texas,48351,56714
2700,Texas,48353,56714
2701,Texas,48355,60953
2702,Texas,48357,57630
2703,Texas,48359,60282
2704,Texas,48361,58778
2705,Texas,48363,58013
2706,Texas,48365,56919
2707,Texas,48367,60706
2708,Texas,48369,56714
2709,Texas,48371,57712
2710,Texas,48373,57589
2711,Texas,48375,58724
2712,Texas,48377,56714
2713,Texas,48379,56714
2714,Texas,48381,58724
2715,Texas,48383,56714
2716,Texas,48385,56714
2717,Texas,48387,56714
2718,Texas,48389,56714
2719,Texas,48391,57343
2720,Texas,48393,57507
2721,Texas,48395,58956
2722,Texas,48397,61499
2723,Texas,48399,56741
2724,Texas,48401,57329
2725,Texas,48403,57178
2726,Texas,48405,57261
2727,Texas,48407,56714
2728,Texas,48409,60953
2729,Texas,48411,56714
2730,Texas,48413,56714
2731,Texas,48415,58860
2732,Texas,48417,56714
2733,Texas,48419,56714
2734,Texas,48421,56714
2735,Texas,48423,59066
2736,Texas,48425,56714
2737,Texas,48427,56714
2738,Texas,48429,56714
2739,Texas,48431,57684
2740,Texas,48433,56714
2741,Texas,48435,56714
2742,Texas,48437,56714
2743,Texas,48439,60706
2744,Texas,48441,58614
2745,Texas,48443,57479
2746,Texas,48445,57370
2747,Texas,48447,56714
2748,Texas,48449,57233
2749,Texas,48451,60720
2750,Texas,48453,63742
2751,Texas,48455,57671
2752,Texas,48457,56823
2753,Texas,48459,59093
2754,Texas,48461,56714
2755,Texas,48463,56905
2756,Texas,48465,57561
2757,Texas,48467,57657
2758,Texas,48469,59954
2759,Texas,48471,60228
2760,Texas,48473,60747
2761,Texas,48475,57001
2762,Texas,48477,58724
2763,Texas,48479,58546
2764,Texas,48481,58272
2765,Texas,48483,56714
2766,Texas,48485,57807
2767,Texas,48487,56714
2768,Texas,48489,56714
2769,Texas,48491,63742
2770,Texas,48493,60583
2771,Texas,48495,56714
2772,Texas,48497,59845
2773,Texas,48499,57561
2774,Texas,48501,56714
2775,Texas,48503,56946
2776,Texas,48505,56714
2777,Texas,48507,56714
2778,Utah,49001,63146
2779,Utah,49003,63624
2780,Utah,49005,63570
2781,Utah,49007,63146
2782,Utah,49009,65552
2783,Utah,49011,66004
2784,Utah,49013,64595
2785,Utah,49015,63146
2786,Utah,49017,63146
2787,Utah,49019,65375
2788,Utah,49021,63146
2789,Utah,49023,65443
2790,Utah,49025,65484
2791,Utah,49027,63146
2792,Utah,49029,66004
2793,Utah,49031,65416
2794,Utah,49033,66031
2795,Utah,49035,67795
2796,Utah,49037,63146
2797,Utah,49039,63146
2798,Utah,49041,63146
2799,Utah,49043,68383
2800,Utah,49045,65211
2801,Utah,49047,65744
2802,Utah,49049,65443
2803,Utah,49051,66961
2804,Utah,49053,65525
2805,Utah,49055,63146
2806,Utah,49057,66004
2807,Vermont,50001,66531
2808,Vermont,50003,66162
2809,Vermont,50005,65177
2810,Vermont,50007,71727
2811,Vermont,50009,63331
2812,Vermont,50011,71727
2813,Vermont,50013,71727
2814,Vermont,50015,66408
2815,Vermont,50017,66039
2816,Vermont,50019,63427
2817,Vermont,50021,65615
2818,Vermont,50023,66777
2819,Vermont,50025,66804
2820,Vermont,50027,67105
2821,Virginia,51001,64854
2822,Virginia,51003,70501
2823,Virginia,51510,78979
2824,Virginia,51005,63760
2825,Virginia,51007,68847
2826,Virginia,51009,65893
2827,Virginia,51011,65893
2828,Virginia,51013,78979
2829,Virginia,51015,66372
2830,Virginia,51017,63760
2831,Virginia,51515,65893
2832,Virginia,51019,65893
2833,Virginia,51021,63760
2834,Virginia,51023,67083
2835,Virginia,51520,63801
2836,Virginia,51025,66112
2837,Virginia,51027,63760
2838,Virginia,51029,64498
2839,Virginia,51530,64758
2840,Virginia,51031,65893
2841,Virginia,51033,68847
2842,Virginia,51035,63760
2843,Virginia,51036,68847
2844,Virginia,51037,63760
2845,Virginia,51540,70501
2846,Virginia,51550,70556
2847,Virginia,51041,68847
2848,Virginia,51043,78979
2849,Virginia,51570,68847
2850,Virginia,51580,63760
2851,Virginia,51045,67083
2852,Virginia,51047,68737
2853,Virginia,51049,65770
2854,Virginia,51590,63760
2855,Virginia,51051,63760
2856,Virginia,51053,68847
2857,Virginia,51595,65127
2858,Virginia,51057,67192
2859,Virginia,51600,78979
2860,Virginia,51059,78979
2861,Virginia,51610,78979
2862,Virginia,51061,78979
2863,Virginia,51063,63760
2864,Virginia,51065,70501
2865,Virginia,51620,65332
2866,Virginia,51067,65237
2867,Virginia,51069,69284
2868,Virginia,51630,78979
2869,Virginia,51640,63760
2870,Virginia,51071,64115
2871,Virginia,51073,70556
2872,Virginia,51075,68847
2873,Virginia,51077,63760
2874,Virginia,51079,70501
2875,Virginia,51081,65127
2876,Virginia,51083,63760
2877,Virginia,51650,70556
2878,Virginia,51085,68847
2879,Virginia,51660,66085
2880,Virginia,51087,68847
2881,Virginia,51089,63760
2882,Virginia,51091,63760
2883,Virginia,51670,68847
2884,Virginia,51093,70556
2885,Virginia,51095,70556
2886,Virginia,51097,67848
2887,Virginia,51099,68272
2888,Virginia,51101,68847
2889,Virginia,51103,67575
2890,Virginia,51105,63760
2891,Virginia,51678,64758
2892,Virginia,51107,78979
2893,Virginia,51109,67684
2894,Virginia,51111,64348
2895,Virginia,51680,65893
2896,Virginia,51113,67343
2897,Virginia,51683,78979
2898,Virginia,51685,78979
2899,Virginia,51690,63760
2900,Virginia,51115,70556
2901,Virginia,51117,64170
2902,Virginia,51119,68409
2903,Virginia,51121,67137
2904,Virginia,51125,70501
2905,Virginia,51127,68847
2906,Virginia,51700,70556
2907,Virginia,51710,70556
2908,Virginia,51131,66180
2909,Virginia,51133,65633
2910,Virginia,51720,63760
2911,Virginia,51135,64471
2912,Virginia,51137,65592
2913,Virginia,51139,64184
2914,Virginia,51141,63760
2915,Virginia,51730,68847
2916,Virginia,51143,63760
2917,Virginia,51735,70556
2918,Virginia,51740,70556
2919,Virginia,51145,68847
2920,Virginia,51147,66071
2921,Virginia,51149,68847
2922,Virginia,51153,78979
2923,Virginia,51155,63815
2924,Virginia,51750,67137
2925,Virginia,51157,70105
2926,Virginia,51760,68847
2927,Virginia,51159,64772
2928,Virginia,51770,67083
2929,Virginia,51161,67083
2930,Virginia,51163,64758
2931,Virginia,51165,66085
2932,Virginia,51167,63760
2933,Virginia,51775,67083
2934,Virginia,51169,63801
2935,Virginia,51171,65934
2936,Virginia,51173,63760
2937,Virginia,51175,65332
2938,Virginia,51177,78979
2939,Virginia,51179,78979
2940,Virginia,51790,66372
2941,Virginia,51800,70556
2942,Virginia,51181,63924
2943,Virginia,51183,68847
2944,Virginia,51185,63760
2945,Virginia,51810,70556
2946,Virginia,51187,68601
2947,Virginia,51191,63801
2948,Virginia,51820,66372
2949,Virginia,51193,65305
2950,Virginia,51830,70556
2951,Virginia,51840,69284
2952,Virginia,51195,63760
2953,Virginia,51197,63760
2954,Virginia,51199,70556
2955,Washington,53001,62889
2956,Washington,53003,63327
2957,Washington,53005,65173
2958,Washington,53007,64599
2959,Washington,53009,66281
2960,Washington,53011,70533
2961,Washington,53013,63464
2962,Washington,53015,63737
2963,Washington,53017,64599
2964,Washington,53019,63546
2965,Washington,53021,65173
2966,Washington,53023,62862
2967,Washington,53025,64079
2968,Washington,53027,63874
2969,Washington,53029,67005
2970,Washington,53031,66745
2971,Washington,53033,74663
2972,Washington,53035,67757
2973,Washington,53037,65501
2974,Washington,53039,64722
2975,Washington,53041,64325
2976,Washington,53043,62862
2977,Washington,53045,66636
2978,Washington,53047,63614
2979,Washington,53049,65023
2980,Washington,53051,63573
2981,Washington,53053,69166
2982,Washington,53055,68291
2983,Washington,53057,66650
2984,Washington,53059,70533
2985,Washington,53061,74663
2986,Washington,53063,65433
2987,Washington,53065,63245
2988,Washington,53067,68195
2989,Washington,53069,62862
2990,Washington,53071,64024
2991,Washington,53073,66786
2992,Washington,53075,64024
2993,Washington,53077,64681
2994,West Virginia,54001,59109
2995,West Virginia,54003,62665
2996,West Virginia,54005,59109
2997,West Virginia,54007,59109
2998,West Virginia,54009,59547
2999,West Virginia,54011,59328
3000,West Virginia,54013,59109
3001,West Virginia,54015,59998
3002,West Virginia,54017,59670
3003,West Virginia,54019,59109
3004,West Virginia,54021,59109
3005,West Virginia,54023,59602
3006,West Virginia,54025,59588
3007,West Virginia,54027,63977
3008,West Virginia,54029,59547
3009,West Virginia,54031,59109
3010,West Virginia,54033,60217
3011,West Virginia,54035,59109
3012,West Virginia,54037,62268
3013,West Virginia,54039,59998
3014,West Virginia,54041,59834
3015,West Virginia,54043,59109
3016,West Virginia,54045,59150
3017,West Virginia,54049,60668
3018,West Virginia,54051,60135
3019,West Virginia,54053,59109
3020,West Virginia,54047,59109
3021,West Virginia,54055,59109
3022,West Virginia,54057,59137
3023,West Virginia,54059,60026
3024,West Virginia,54061,61133
3025,West Virginia,54063,59109
3026,West Virginia,54065,60846
3027,West Virginia,54067,59109
3028,West Virginia,54069,60135
3029,West Virginia,54071,59109
3030,West Virginia,54073,59738
3031,West Virginia,54075,59137
3032,West Virginia,54077,61133
3033,West Virginia,54079,61352
3034,West Virginia,54081,59356
3035,West Virginia,54083,59191
3036,West Virginia,54085,59109
3037,West Virginia,54087,59109
3038,West Virginia,54089,59109
3039,West Virginia,54091,59109
3040,West Virginia,54093,59273
3041,West Virginia,54095,59109
3042,West Virginia,54097,59205
3043,West Virginia,54099,59328
3044,West Virginia,54101,59561
3045,West Virginia,54103,59109
3046,West Virginia,54105,59985
3047,West Virginia,54107,59985
3048,West Virginia,54109,59109
3049,Wisconsin,55001,63710
3050,Wisconsin,55003,63710
3051,Wisconsin,55005,63710
3052,Wisconsin,55007,63997
3053,Wisconsin,55009,64489
3054,Wisconsin,55011,63956
3055,Wisconsin,55013,63710
3056,Wisconsin,55015,64352
3057,Wisconsin,55017,65009
3058,Wisconsin,55019,63710
3059,Wisconsin,55021,65200
3060,Wisconsin,55023,63710
3061,Wisconsin,55025,67579
3062,Wisconsin,55027,64722
3063,Wisconsin,55029,64134
3064,Wisconsin,55031,64940
3065,Wisconsin,55033,64325
3066,Wisconsin,55035,65009
3067,Wisconsin,55037,64038
3068,Wisconsin,55039,64667
3069,Wisconsin,55041,63710
3070,Wisconsin,55043,63710
3071,Wisconsin,55045,63969
3072,Wisconsin,55047,63710
3073,Wisconsin,55049,64489
3074,Wisconsin,55051,63710
3075,Wisconsin,55053,63710
3076,Wisconsin,55055,65268
3077,Wisconsin,55057,63723
3078,Wisconsin,55059,66567
3079,Wisconsin,55061,64489
3080,Wisconsin,55063,65528
3081,Wisconsin,55065,63710
3082,Wisconsin,55067,63710
3083,Wisconsin,55069,63710
3084,Wisconsin,55071,63710
3085,Wisconsin,55073,64257
3086,Wisconsin,55075,63710
3087,Wisconsin,55077,64229
3088,Wisconsin,55078,63710
3089,Wisconsin,55079,67073
3090,Wisconsin,55081,65091
3091,Wisconsin,55083,63710
3092,Wisconsin,55085,64325
3093,Wisconsin,55087,64352
3094,Wisconsin,55089,67073
3095,Wisconsin,55091,63710
3096,Wisconsin,55093,69248
3097,Wisconsin,55095,64831
3098,Wisconsin,55097,64161
3099,Wisconsin,55099,63710
3100,Wisconsin,55101,65009
3101,Wisconsin,55103,63710
3102,Wisconsin,55105,64886
3103,Wisconsin,55107,63710
3104,Wisconsin,55111,64968
3105,Wisconsin,55113,64927
3106,Wisconsin,55115,63710
3107,Wisconsin,55117,64051
3108,Wisconsin,55109,69248
3109,Wisconsin,55119,63710
3110,Wisconsin,55121,63710
3111,Wisconsin,55123,63710
3112,Wisconsin,55125,63915
3113,Wisconsin,55127,65843
3114,Wisconsin,55129,64175
3115,Wisconsin,55131,67073
3116,Wisconsin,55133,67073
3117,Wisconsin,55135,63710
3118,Wisconsin,55137,63710
3119,Wisconsin,55139,64680
3120,Wisconsin,55141,64038
3121,Wyoming,56001,66047
3122,Wyoming,56003,65008
3123,Wyoming,56005,68180
3124,Wyoming,56007,65979
3125,Wyoming,56009,65158
3126,Wyoming,56011,65951
3127,Wyoming,56013,65486
3128,Wyoming,56015,65199
3129,Wyoming,56017,65008
3130,Wyoming,56019,65855
3131,Wyoming,56021,67250
3132,Wyoming,56023,66498
3133,Wyoming,56025,68248
3134,Wyoming,56027,65008
3135,Wyoming,56029,65473
3136,Wyoming,56031,65008
3137,Wyoming,56033,66990
3138,Wyoming,56035,66416
3139,Wyoming,56037,67483
3140,Wyoming,56039,70710
3141,Wyoming,56041,65445
3142,Wyoming,56043,65008
3143,Wyoming,56045,65131
